[00:00.00] version: dev-window-v2-idle-hitch d9d80f87 (x86_64-windows)
[00:00.00] startup date: 13 Apr 2026 21:15:24
[00:00.00] LOG: Channel filter mask: 0xFFFF (all channels active), verbose: off
[00:00.00] base dir: C:/Users/mikeh/Downloads/Perfect Dark 2.0/data
[00:00.00] save dir: C:/Users/mikeh/AppData/Roaming/perfectdark
[00:00.00] ACTIONMAP: activated 'gameplay' (priority 0, depth 1)
[00:00.00] ACTIONMAP: initialized — 57 actions, 4 players, 1 IMCs
[00:00.00] ACTIONMAP: binds loaded from pd.ini into 6 IMCs
[00:00.01] UPDATER: install dir: C:\Users\mikeh\Downloads\Perfect Dark 2.0
[00:00.01] UPDATER: update path: C:\Users\mikeh\Downloads\Perfect Dark 2.0\pd.update.zip
[00:00.01] UPDATER: Initialized — v0.0.94 (client, dev channel)
[00:00.01] SAVEMIGRATE: Initialized (0 migrations registered, current save version: 2)
[00:00.01] SAVE: initialized — save dir: C:/Users/mikeh/AppData/Roaming/perfectdark
[00:00.01] SAVE: found eeprom.bin without system.json — migration available
[00:00.28] UPDATER: parsed 64 valid release(s) from API response
[00:00.28] UPDATER: Up to date (v0.0.94)
[00:00.35] SDL: created GL3.0 context
[00:00.35] GL: using GLSL version 130
[00:00.36] pdgui: Loaded embedded Handel Gothic (24648 bytes)
[00:00.36] pdgui_hotswap: Initialized (F8 to toggle)
[00:00.36] pdgui_hotswap: Registered 'Agent Select' (1/256)
[00:00.36] SMFST: registered 00007ff782826be0 with 3 asset(s)
[00:00.36] pdgui_menu_agentselect: Registered
[00:00.36] pdgui_hotswap: Registered 'Main Menu (PC)' (2/256)
[00:00.36] pdgui_hotswap: Registered 'Main Menu (Pause)' (3/256)
[00:00.36] pdgui_hotswap: Registered 'CI Options (PC -> unified Settings)' (4/256)
[00:00.36] pdgui_hotswap: Registered 'CI Options (Pause -> unified Settings)' (5/256)
[00:00.36] pdgui_hotswap: Registered 'CI Control Options -> Settings.Controls' (6/256)
[00:00.36] pdgui_hotswap: Registered 'CI Control Style -> Settings.Controls' (7/256)
[00:00.36] pdgui_hotswap: Registered 'CI Display -> Settings.Video' (8/256)
[00:00.36] pdgui_hotswap: Registered 'CI Control Style P2 (DEAD -- no split-screen)' (9/256)
[00:00.36] pdgui_hotswap: Registered 'CI Display P2 (DEAD -- no split-screen)' (10/256)
[00:00.36] pdgui_hotswap: Registered 'CI Control P2 (DEAD -- no split-screen)' (11/256)
[00:00.36] pdgui_hotswap: Registered 'Cinema (cutscene viewer)' (12/256)
[00:00.36] pdgui_menu_mainmenu: Registered (PC + Pause + 9 CI redirects + Cinema)
[00:00.36] pdgui_hotswap: Registered 'Agent Create' (13/256)
[00:00.36] pdgui_menu_agentcreate: Registered
[00:00.36] pdgui_hotswap: Registered type 1 fallback 'Default Dialog'
[00:00.36] pdgui_hotswap: Registered type 2 fallback 'Danger Dialog'
[00:00.36] pdgui_hotswap: Registered type 3 fallback 'Success Dialog'
[00:00.36] pdgui_hotswap: Registered type 0 fallback 'Default Dialog (type 0)'
[00:00.36] pdgui_hotswap: Registered 'Confirm Name (suppressed)' (14/256)
[00:00.36] pdgui_hotswap: Registered 'Pak Not Original (suppressed)' (15/256)
[00:00.36] pdgui_hotswap: Registered 'Filemgr Save Error (suppressed)' (16/256)
[00:00.36] pdgui_hotswap: Registered 'Filemgr File Lost (suppressed)' (17/256)
[00:00.36] pdgui_hotswap: Registered 'Exit Game (Batch 1)' (18/256)
[00:00.36] pdgui_hotswap: Registered 'PD Mode Settings (Batch 1)' (19/256)
[00:00.36] pdgui_hotswap: Registered 'MP End Game (Batch 1)' (20/256)
[00:00.36] pdgui_hotswap: Registered 'Filemgr Delete (PC placeholder, Batch 1)' (21/256)
[00:00.36] pdgui_hotswap: Registered 'Filemgr Copy (PC placeholder, Batch 1)' (22/256)
[00:00.36] pdgui_hotswap: Registered 'Filemgr Operations (PC placeholder, Batch 1)' (23/256)
[00:00.36] pdgui_hotswap: Registered 'Filemgr Select Location (PC placeholder, Batch 1)' (24/256)
[00:00.36] pdgui_hotswap: Registered 'Cheats Root (Batch 4)' (25/256)
[00:00.36] pdgui_hotswap: Registered 'Cheats Fun (Batch 4)' (26/256)
[00:00.36] pdgui_hotswap: Registered 'Cheats Gameplay (Batch 4)' (27/256)
[00:00.36] pdgui_hotswap: Registered 'Cheats Solo Weapons (Batch 4)' (28/256)
[00:00.36] pdgui_hotswap: Registered 'Cheats Classic Weapons (Batch 4)' (29/256)
[00:00.36] pdgui_hotswap: Registered 'Cheats Weapons (Batch 4)' (30/256)
[00:00.36] pdgui_hotswap: Registered 'Cheats Buddies (Batch 4)' (31/256)
[00:00.36] pdgui_hotswap: Registered 'Cheats Warning (Batch 4)' (32/256)
[00:00.36] pdgui_hotswap: Registered 'Cheats Confirm Unlock (Batch 4)' (33/256)
[00:00.36] pdgui_hotswap: Registered 'MP Pause Control (Batch 8)' (34/256)
[00:00.36] pdgui_hotswap: Registered 'MP Player Options (Batch 8)' (35/256)
[00:00.36] pdgui_hotswap: Registered 'MP Pause Inventory (Batch 8 partial - LIST deferred)' (36/256)
[00:00.36] pdgui_hotswap: Registered 'MP Pause Player Stats (Batch 8 partial - PLAYERSTATS deferred)' (37/256)
[00:00.36] pdgui_hotswap: Registered 'MP Pause Player Ranking (Batch 8 partial - RANKING deferred)' (38/256)
[00:00.36] pdgui_hotswap: Registered 'MP Pause Team Rankings (Batch 8 partial - RANKING deferred)' (39/256)
[00:00.37] pdgui_hotswap: Registered 'MP Character (Batch 11 partial - LIST deferred)' (40/256)
[00:00.37] pdgui_hotswap: Registered 'MP Player Stats (Batch 11 partial - PLAYERSTATS deferred)' (41/256)
[00:00.37] pdgui_hotswap: Registered 'MP Load Settings (Batch 11 partial - LIST deferred)' (42/256)
[00:00.37] pdgui_hotswap: Registered 'MP Load Preset (Batch 11 partial - LIST deferred)' (43/256)
[00:00.37] pdgui_hotswap: Registered 'MP Load Player (Batch 11 partial - LIST deferred)' (44/256)
[00:00.37] pdgui_menu_warning: Registered DEFAULT + DANGER + SUCCESS fallbacks + S193 Batch 1 + S195 Batches 4/8/11 explicit dialogs
[00:00.37] pdgui_hotswap: Registered 'Multiplayer' (45/256)
[00:00.37] SMFST: registered 00007ff782883840 with 2 asset(s)
[00:00.37] pdgui_menu_network: Registered Multiplayer menu
[00:00.37] pdgui_hotswap: Registered 'Mission Select' (46/256)
[00:00.37] pdgui_hotswap: Registered 'Solo Difficulty' (47/256)
[00:00.37] pdgui_hotswap: Registered 'Solo Briefing' (48/256)
[00:00.37] pdgui_hotswap: Registered 'Pre/Post Briefing' (49/256)
[00:00.37] pdgui_hotswap: Registered 'Accept Mission' (50/256)
[00:00.37] pdgui_hotswap: Registered 'Solo Pause' (51/256)
[00:00.37] pdgui_hotswap: Registered 'Abort Mission' (52/256)
[00:00.37] pdgui_hotswap: Registered 'Solo Options' (53/256)
[00:00.37] pdgui_hotswap: Registered 'Audio Opts (inline)' (54/256)
[00:00.37] pdgui_hotswap: Registered 'Video Opts (inline)' (55/256)
[00:00.37] pdgui_hotswap: Registered 'Control Opts (inline)' (56/256)
[00:00.37] pdgui_hotswap: Registered 'Display Opts (inline)' (57/256)
[00:00.37] pdgui_hotswap: Registered 'Inventory' (58/256)
[00:00.37] pdgui_hotswap: Registered 'Co-op Difficulty' (59/256)
[00:00.37] pdgui_hotswap: Registered 'Co-op Options' (60/256)
[00:00.37] pdgui_hotswap: Registered 'Counter-Op Difficulty' (61/256)
[00:00.37] pdgui_hotswap: Registered 'Counter-Op Options' (62/256)
[00:00.37] pdgui_menu_solomission: Registered Group 1 + Batch 2 — 12 ImGui + 7 legacy/inline
[00:00.37] pdgui_hotswap: Registered 'Team Control' (63/256)
[00:00.37] pdgui_hotswap: Registered 'Auto Team' (64/256)
[00:00.37] pdgui_menu_teamsetup: registered
[00:00.37] pdgui_hotswap: Registered 'Player Handicaps' (65/256)
[00:00.37] pdgui_hotswap: Registered 'MP Select Tunes' (66/256)
[00:00.37] pdgui_hotswap: Registered 'MP Soundtrack' (67/256)
[00:00.37] pdgui_hotswap: Registered 'MP Team Names' (68/256)
[00:00.37] pdgui_menu_mpsettings: registered (handicaps + Batch 12 Music & Team Names)
[00:00.37] pdgui_hotswap: Registered 'Combat Challenges' (69/256)
[00:00.37] pdgui_hotswap: Registered 'Completed Challenges' (70/256)
[00:00.37] pdgui_hotswap: Registered 'Combat Challenges (root)' (71/256)
[00:00.37] pdgui_menu_challenges: registered (list/details + completed + Batch 12 root)
[00:00.37] pdgui_hotswap: Registered 'MP Endscreen Save Player (suppressed)' (72/256)
[00:00.37] pdgui_hotswap: Registered 'Solo Complete' (73/256)
[00:00.37] pdgui_hotswap: Registered 'Solo Failed' (74/256)
[00:00.37] pdgui_hotswap: Registered 'Solo Objectives OK' (75/256)
[00:00.37] pdgui_hotswap: Registered 'Solo Objectives Fail' (76/256)
[00:00.37] pdgui_hotswap: Registered 'Retry Mission' (77/256)
[00:00.37] pdgui_hotswap: Registered 'Next Mission' (78/256)
[00:00.37] pdgui_hotswap: Registered 'Continue or Replay' (79/256)
[00:00.37] pdgui_hotswap: Registered '2P Complete H' (80/256)
[00:00.37] pdgui_hotswap: Registered '2P Failed H' (81/256)
[00:00.37] pdgui_hotswap: Registered '2P Complete V' (82/256)
[00:00.37] pdgui_hotswap: Registered '2P Failed V' (83/256)
[00:00.37] pdgui_hotswap: Registered '2P Objectives OK' (84/256)
[00:00.37] pdgui_hotswap: Registered '2P Objectives Fail' (85/256)
[00:00.37] pdgui_hotswap: Registered 'MP Game Over' (86/256)
[00:00.37] pdgui_hotswap: Registered 'MP Team Over' (87/256)
[00:00.37] pdgui_hotswap: Registered 'Challenge Done' (88/256)
[00:00.37] pdgui_hotswap: Registered 'Challenge Cheated' (89/256)
[00:00.37] pdgui_hotswap: Registered 'Challenge Failed' (90/256)
[00:00.37] pdgui_hotswap: Registered 'MP Player Ranking' (91/256)
[00:00.37] pdgui_hotswap: Registered 'MP Team Ranking' (92/256)
[00:00.37] pdgui_hotswap: Registered 'MP Player Stats' (93/256)
[00:00.37] pdgui_hotswap: Registered 'FR Difficulty' (94/256)
[00:00.37] pdgui_hotswap: Registered 'FR Pre-Game Info' (95/256)
[00:00.37] pdgui_hotswap: Registered 'FR In-Game Info' (96/256)
[00:00.37] pdgui_hotswap: Registered 'FR Completed' (97/256)
[00:00.37] pdgui_hotswap: Registered 'FR Failed' (98/256)
[00:00.37] pdgui_hotswap: Registered 'FR Weapon List' (99/256)
[00:00.37] pdgui_hotswap: Registered 'Bio List' (100/256)
[00:00.37] pdgui_hotswap: Registered 'Bio Profile' (101/256)
[00:00.37] pdgui_hotswap: Registered 'Bio Text' (102/256)
[00:00.37] pdgui_hotswap: Registered 'DT List' (103/256)
[00:00.37] pdgui_hotswap: Registered 'DT Details' (104/256)
[00:00.37] pdgui_hotswap: Registered 'DT Failed' (105/256)
[00:00.37] pdgui_hotswap: Registered 'DT Completed' (106/256)
[00:00.37] pdgui_hotswap: Registered 'HT List' (107/256)
[00:00.37] pdgui_hotswap: Registered 'HT Details' (108/256)
[00:00.37] pdgui_hotswap: Registered 'HT Failed' (109/256)
[00:00.37] pdgui_hotswap: Registered 'HT Completed' (110/256)
[00:00.37] pdgui_hotswap: Registered 'Now Safe' (111/256)
[00:00.37] pdgui_hotswap: Registered 'Hangar List' (112/256)
[00:00.37] pdgui_hotswap: Registered 'Hangar Holograph' (113/256)
[00:00.37] pdgui_hotswap: Registered 'Hangar Vehicle Details' (114/256)
[00:00.37] pdgui_hotswap: Registered 'Hangar Location Details' (115/256)
[00:00.37] pdgui_menu_training: registered (22 dialogs, Batch 10 complete)
[00:00.37] pdgui_hotswap: Updated 'Cheats Hub'
[00:00.37] pdgui_hotswap: Updated 'Cheats Fun -> hub.TAB_FUN'
[00:00.37] pdgui_hotswap: Updated 'Cheats Gameplay -> hub.TAB_GAMEPLAY'
[00:00.37] pdgui_hotswap: Updated 'Cheats Solo Weapons -> hub.TAB_SOLO_WEAPONS'
[00:00.37] pdgui_hotswap: Updated 'Cheats Classic Weapons -> hub.TAB_CLASSIC_WEAPONS'
[00:00.37] pdgui_hotswap: Updated 'Cheats Weapons -> hub.TAB_WEAPONS'
[00:00.37] pdgui_hotswap: Updated 'Cheats Buddies -> hub.TAB_BUDDIES'
[00:00.37] pdgui_hotswap: Updated 'Cheats Warning (first-use notice)'
[00:00.37] pdgui_hotswap: Updated 'Cheats Confirm Unlock Everything'
[00:00.37] pdgui_menu_cheats: Registered (hub + 6 sub-redirects + 2 modals)
[00:00.37] pdgui_hotswap: Registered 'MP Arena' (116/256)
[00:00.37] pdgui_hotswap: Registered 'MP Scenario' (117/256)
[00:00.37] pdgui_hotswap: Registered 'MP QT Scenario' (118/256)
[00:00.37] pdgui_hotswap: Registered 'MP Weapons' (119/256)
[00:00.37] pdgui_hotswap: Registered 'MP Select Random Weapons' (120/256)
[00:00.37] pdgui_hotswap: Registered 'MP QT Weapons' (121/256)
[00:00.37] pdgui_hotswap: Registered 'MP Limits' (122/256)
[00:00.37] pdgui_hotswap: Registered 'MP Combat Options' (123/256)
[00:00.37] pdgui_hotswap: Registered 'MP CTC Options' (124/256)
[00:00.37] pdgui_hotswap: Registered 'MP HTM Options' (125/256)
[00:00.37] pdgui_hotswap: Registered 'MP HTB Options' (126/256)
[00:00.37] pdgui_hotswap: Registered 'MP KOH Options' (127/256)
[00:00.37] pdgui_hotswap: Registered 'MP PAC Options' (128/256)
[00:00.37] pdgui_hotswap: Registered 'MP Ext Game Options' (129/256)
[00:00.37] MENU_IMGUI: Batch 5 MP Setup Core registered (14 dialogs)
[00:00.37] pdgui_hotswap: Registered 'MP Simulants' (130/256)
[00:00.37] pdgui_hotswap: Registered 'MP Add Simulant' (131/256)
[00:00.37] pdgui_hotswap: Registered 'MP Change Simulant' (132/256)
[00:00.37] pdgui_hotswap: Registered 'MP Edit Simulant' (133/256)
[00:00.37] pdgui_hotswap: Registered 'MP Simulant Character' (134/256)
[00:00.37] MENU_IMGUI: Batch 6 Bot Setup registered (5 dialogs)
[00:00.37] pdgui_hotswap: Registered 'MP Advanced Setup' (135/256)
[00:00.37] pdgui_hotswap: Registered 'MP Advanced Setup (Challenge)' (136/256)
[00:00.37] pdgui_hotswap: Registered 'MP Quick Go' (137/256)
[00:00.37] pdgui_hotswap: Registered 'MP Quick Team' (138/256)
[00:00.37] pdgui_hotswap: Registered 'MP Quick Team Game Setup' (139/256)
[00:00.37] pdgui_hotswap: Registered 'MP Stuff' (140/256)
[00:00.37] pdgui_hotswap: Registered 'MP Stuff (Challenge)' (141/256)
[00:00.37] pdgui_hotswap: Registered 'MP Player Setup (Adv)' (142/256)
[00:00.37] pdgui_hotswap: Registered 'MP Player Setup (Adv/Challenge)' (143/256)
[00:00.37] pdgui_hotswap: Registered 'MP Player Setup (Quick Go)' (144/256)
[00:00.37] MENU_IMGUI: Batch 7 MP Advanced/Quick paths registered (11 dialogs)
[00:00.37] pdgui_hotswap: Updated 'MP Pause Control'
[00:00.37] pdgui_hotswap: Updated 'MP Pause Inventory'
[00:00.37] pdgui_hotswap: Updated 'MP Pause Player Stats'
[00:00.37] pdgui_hotswap: Updated 'MP Pause Player Ranking'
[00:00.37] pdgui_hotswap: Updated 'MP Pause Team Rankings'
[00:00.38] pdgui_hotswap: Updated 'MP Player Options'
[00:00.38] MENU_IMGUI: Batch 8 MP Pause & In-Game registered (6 dialogs)
[00:00.38] pdgui_hotswap: Updated 'MP Character'
[00:00.38] pdgui_hotswap: Updated 'MP Player Stats'
[00:00.38] pdgui_hotswap: Updated 'MP Load Settings'
[00:00.38] pdgui_hotswap: Updated 'MP Load Preset'
[00:00.38] pdgui_hotswap: Updated 'MP Load Player'
[00:00.38] MENU_IMGUI: Batch 11 Player Config & Stats registered (5 dialogs)
[00:00.38] pdgui_hotswap: Registered 'Solo Control Style' (145/256)
[00:00.38] pdgui_hotswap: Registered 'MP Control Options' (146/256)
[00:00.38] pdgui_menu_controldiagram: registered (Batch 10, 2 dialogs)
[00:00.38] pdgui_charpreview: Created FBO 3 (256x256) texId=3
[00:00.38] PDGUI theme: D5.0 early init (scanlines=ON alpha=50% chrome=OFF, textures deferred)
[00:00.38] PDGUI theme loader: scanned mods/ — 1 directories walked, 7 total themes registered
[00:00.38] PDGUI theme loader: init — 7 themes registered (built-in + mods), active='base:theme_blue'
[00:00.38] PDGUI nineslice: init
[00:00.38] PDGUI effects: init
[00:00.38] PDGUI fontmgr: init — default font registered
[00:00.38] STATS: loaded 14 stats from C:/Users/mikeh/AppData/Roaming/perfectdark/playerstats.json
[00:00.38] STATS: initialized (14 entries)
[00:00.38] ACHIEVEMENTS: initialized — 1/16 unlocked
[00:00.48] input: assigned controller '0: (Xbox One Controller)' (id 0) to player 0
[00:00.48] input: GUID for controller 0: 0300938d5e040000ff02000000007200
[00:00.48] INPUTCTX: initialized
[00:00.48] INPUTCTX: gameplay on_push -- mouse captured
[00:00.48] INPUTCTX: pushed 'gameplay' (depth now 1)
[00:00.51] ROM file: pd.ntsc-final.z64
[00:00.52] loading segment fontjpnsingle from ROM (offset 00194b20 pointer 0000021d7ccedb60)
[00:00.52] loading segment fontjpnmulti from ROM (offset 0019fb40 pointer 0000021d7ccf8b80)
[00:00.52] loading segment animations from ROM (offset 001a15c0 pointer 0000021d7ccfa600)
[00:00.52] loading segment mpconfigs from ROM (offset 007d0a40 pointer 0000021d7d329a80)
[00:00.52] loading segment mpstringsE from ROM (offset 007d1c20 pointer 0000021d7d32ac60)
[00:00.52] loading segment mpstringsJ from ROM (offset 007d5320 pointer 0000021d7d32e360)
[00:00.52] loading segment mpstringsP from ROM (offset 007d8a20 pointer 0000021d7d331a60)
[00:00.52] loading segment mpstringsG from ROM (offset 007dc120 pointer 0000021d7d335160)
[00:00.52] loading segment mpstringsF from ROM (offset 007df820 pointer 0000021d7d338860)
[00:00.52] loading segment mpstringsS from ROM (offset 007e2f20 pointer 0000021d7d33bf60)
[00:00.52] loading segment mpstringsI from ROM (offset 007e6620 pointer 0000021d7d33f660)
[00:00.52] loading segment firingrange from ROM (offset 007e9d20 pointer 0000021d7d342d60)
[00:00.52] loading segment fonttahoma from ROM (offset 007f7860 pointer 0000021d7d3508a0)
[00:00.52] loading segment fontnumeric from ROM (offset 007f8b20 pointer 0000021d7d351b60)
[00:00.52] loading segment fonthandelgothicsm from ROM (offset 007f9d30 pointer 0000021d7d352d70)
[00:00.52] loading segment fonthandelgothicxs from ROM (offset 007fbfb0 pointer 0000021d7d354ff0)
[00:00.52] loading segment fonthandelgothicmd from ROM (offset 007fdd80 pointer 0000021d7d356dc0)
[00:00.52] loading segment fonthandelgothiclg from ROM (offset 008008e0 pointer 0000021d7d359920)
[00:00.52] loading segment sfxctl from ROM (offset 0080a250 pointer 0000021d7d363290)
[00:00.53] loading segment sfxtbl from ROM (offset 00839dd0 pointer 0000021d7d392e10)
[00:00.53] loading segment seqctl from ROM (offset 00cfbf30 pointer 0000021d7d854f70)
[00:00.53] loading segment seqtbl from ROM (offset 00d05f90 pointer 0000021d7d85efd0)
[00:00.53] loading segment sequences from ROM (offset 00e82000 pointer 0000021d7d9db040)
[00:00.53] loading segment texturesdata from ROM (offset 01d65f40 pointer 0000021d7e8bef80)
[00:00.53] loading segment textureslist from ROM (offset 01ff7ca0 pointer 0000021d7eb50ce0)
[00:00.53] loading segment copyright from ROM (offset 01ffea20 pointer 0000021d7eb57a60)
[00:00.53] skipping segment fontjpn
[00:00.53] romdataInit: loaded rom, size = 33554432
[00:00.53] WARNING: CATALOG: ROM hash cache: could not hash 'pd.ntsc-final.z64'
[00:00.53] modmgr: initializing...
[00:00.53] modmgr: scanning './mods' for mods...
[00:00.53] modmgr: skipping 'effect_normal_tint' (no mod.json or audio.ini)
[00:00.53] modmgr: also scanning 'C:/Users/mikeh/Downloads/Perfect Dark 2.0/mods'
[00:00.53] modmgr: also scanning 'C:/Users/mikeh/Downloads/Perfect Dark 2.0/data/mods'
[00:00.54] WARNING: modmgr: mod.json validation failed for '(unknown)': Missing required field: id
[00:00.54] modmgr: discovered mod [0] '' (base-ui) from alt dir 'C:/Users/mikeh/Downloads/Perfect Dark 2.0/data/mods'
[00:00.54] modmgr: parsed mod.json for 'black-and-gold-2' (Black and Gold 2 v1.0 by MikeHazeJr) — 0 bodies, 0 heads, 0 arenas, fallback=base:theme_blue, template=no, tags=0
[00:00.54] modmgr: discovered mod [1] 'black-and-gold-2' (Black and Gold 2) from alt dir 'C:/Users/mikeh/Downloads/Perfect Dark 2.0/data/mods'
[00:00.54] modmgr: parsed mod.json for 'bw-basic' (BW Basic v1.0 by MikeHazeJr) — 0 bodies, 0 heads, 0 arenas, fallback=base:theme_blue, template=no, tags=0
[00:00.54] modmgr: discovered mod [2] 'bw-basic' (BW Basic) from alt dir 'C:/Users/mikeh/Downloads/Perfect Dark 2.0/data/mods'
[00:00.54] modmgr: parsed audio.ini for 'memory-remains' (The Memory Remains)
[00:00.54] modmgr: discovered mod [3] 'memory-remains' (The Memory Remains) from alt dir 'C:/Users/mikeh/Downloads/Perfect Dark 2.0/data/mods'
[00:00.55] modmgr: parsed audio.ini for 'of-wolf-and-man' (Of Wolf And Man)
[00:00.55] modmgr: discovered mod [4] 'of-wolf-and-man' (Of Wolf And Man) from alt dir 'C:/Users/mikeh/Downloads/Perfect Dark 2.0/data/mods'
[00:00.55] modmgr: scan complete — 5 mods found
[00:00.55] ERROR: fsFileLoad: could not find file: C:/Users/mikeh/AppData/Roaming/perfectdark/mods-enabled.json
[00:00.55] modmgr: initialized — 5 mods, 0 enabled
[00:00.55] CATALOG: initializing model catalog (metadata only)...
[00:00.55] CATALOG: g_HeadsAndBodies at 00007ff782840fa0, sizeof(headorbody)=32
[00:00.55] CATALOG: found 151 head/body entries
[00:00.55] modmgr: rebuilt catalog caches — bodies=0 heads=0 arenas=0
[00:00.55] CATALOG: modmgr reports 63 MP bodies, 76 MP heads
[00:00.55] CATALOG: metadata cached — 151 entries, 0 bodies, 1 heads (validation deferred)
[00:00.55] STAGE: table init, 87 entries
[00:00.55] assetcatalog: registered 87 base stages
[00:00.55] assetcatalog: registered 63 base bodies
[00:00.55] assetcatalog: registered 76 base heads (all g_MpHeads[])
[00:00.55] assetcatalog: arena[0] id="base:arena_mp_skedar" stagenum=0x32 langid=0x5077 cat="Dark"
[00:00.55] assetcatalog: arena[1] id="base:arena_mp_pipes" stagenum=0x29 langid=0x5078 cat="Dark"
[00:00.55] assetcatalog: arena[2] id="base:arena_mp_ravine" stagenum=0x17 langid=0x5079 cat="Dark"
[00:00.55] assetcatalog: arena[3] id="base:arena_mp_g5building" stagenum=0x20 langid=0x507a cat="Dark"
[00:00.55] assetcatalog: arena[4] id="base:arena_mp_sewers" stagenum=0x42 langid=0x507b cat="Dark"
[00:00.55] assetcatalog: arena[5] id="base:arena_mp_warehouse" stagenum=0x3c langid=0x507c cat="Dark"
[00:00.55] assetcatalog: arena[6] id="base:arena_mp_grid" stagenum=0x47 langid=0x507d cat="Dark"
[00:00.55] assetcatalog: arena[7] id="base:arena_mp_ruins" stagenum=0x41 langid=0x507e cat="Dark"
[00:00.55] assetcatalog: arena[8] id="base:arena_mp_area52" stagenum=0x3b langid=0x507f cat="Dark"
[00:00.55] assetcatalog: arena[9] id="base:arena_mp_base" stagenum=0x39 langid=0x5080 cat="Dark"
[00:00.55] assetcatalog: arena[10] id="base:arena_mp_fortress" stagenum=0x44 langid=0x5082 cat="Dark"
[00:00.55] assetcatalog: arena[11] id="base:arena_mp_villa" stagenum=0x45 langid=0x5083 cat="Dark"
[00:00.55] assetcatalog: arena[12] id="base:arena_mp_carpark" stagenum=0x3d langid=0x5084 cat="Dark"
[00:00.55] assetcatalog: arena[13] id="base:arena_defection" stagenum=0x30 langid=0x5685 cat="Solo Missions"
[00:00.55] assetcatalog: arena[14] id="base:arena_investigation" stagenum=0x33 langid=0x5687 cat="Solo Missions"
[00:00.55] assetcatalog: arena[15] id="base:arena_villa" stagenum=0x2c langid=0x568b cat="Solo Missions"
[00:00.55] assetcatalog: arena[16] id="base:arena_chicago" stagenum=0x1d langid=0x568d cat="Solo Missions"
[00:00.55] assetcatalog: arena[17] id="base:arena_g5building" stagenum=0x1e langid=0x568f cat="Solo Missions"
[00:00.55] assetcatalog: arena[18] id="base:arena_infiltration" stagenum=0x2f langid=0x5691 cat="Solo Missions"
[00:00.55] assetcatalog: arena[19] id="base:arena_airbase" stagenum=0x27 langid=0x5697 cat="Solo Missions"
[00:00.55] assetcatalog: arena[20] id="base:arena_airforceone" stagenum=0x31 langid=0x5699 cat="Solo Missions"
[00:00.55] assetcatalog: arena[21] id="base:arena_crashsite" stagenum=0x1c langid=0x569b cat="Solo Missions"
[00:00.55] assetcatalog: arena[22] id="base:arena_pelagic" stagenum=0x21 langid=0x569d cat="Solo Missions"
[00:00.55] assetcatalog: arena[23] id="base:arena_deepsea" stagenum=0x38 langid=0x569f cat="Solo Missions"
[00:00.55] assetcatalog: arena[24] id="base:arena_defense" stagenum=0x2d langid=0x56a1 cat="Solo Missions"
[00:00.55] assetcatalog: arena[25] id="base:arena_attackship" stagenum=0x34 langid=0x56a3 cat="Solo Missions"
[00:00.55] assetcatalog: arena[26] id="base:arena_skedarruins" stagenum=0x2a langid=0x56a5 cat="Solo Missions"
[00:00.55] assetcatalog: arena[27] id="base:arena_mp_temple" stagenum=0x25 langid=0x5085 cat="Classic"
[00:00.55] assetcatalog: arena[28] id="base:arena_mp_complex" stagenum=0x1f langid=0x5086 cat="Classic"
[00:00.55] assetcatalog: arena[29] id="base:arena_mp_grid6" stagenum=0x3e langid=0x5132 cat="Classic"
[00:00.55] assetcatalog: arena[30] id="base:arena_mp_grid2" stagenum=0x3a langid=0x5081 cat="Classic"
[00:00.55] assetcatalog: arena[31] id="base:arena_mp_felicity" stagenum=0x43 langid=0x5087 cat="Classic"
[00:00.55] assetcatalog: arena[55] id="base:arena_stage_24" stagenum=0x24 langid=0x513f cat="Bonus"
[00:00.55] assetcatalog: arena[56] id="base:arena_mp_grid7" stagenum=0x3f langid=0x5141 cat="Bonus"
[00:00.55] assetcatalog: arena[57] id="base:arena_test_arch" stagenum=0x18 langid=0x5144 cat="Bonus"
[00:00.55] assetcatalog: arena[58] id="base:arena_test_dest" stagenum=0x1a langid=0x5145 cat="Bonus"
[00:00.55] assetcatalog: arena[59] id="base:arena_extra16" stagenum=0x51 langid=0x5147 cat="Bonus"
[00:00.55] assetcatalog: arena[60] id="base:arena_extra17" stagenum=0x52 langid=0x5148 cat="Bonus"
[00:00.55] assetcatalog: arena[61] id="base:arena_extra18" stagenum=0x53 langid=0x5149 cat="Bonus"
[00:00.55] assetcatalog: arena[62] id="base:arena_extra19" stagenum=0x54 langid=0x514a cat="Bonus"
[00:00.55] assetcatalog: arena[63] id="base:arena_extra20" stagenum=0x55 langid=0x514b cat="Bonus"
[00:00.55] assetcatalog: arena[64] id="base:arena_extra21" stagenum=0x56 langid=0x514c cat="Bonus"
[00:00.55] assetcatalog: arena[65] id="base:arena_extra22" stagenum=0x57 langid=0x514d cat="Bonus"
[00:00.55] assetcatalog: arena[66] id="base:arena_extra23" stagenum=0x58 langid=0x514e cat="Bonus"
[00:00.55] assetcatalog: arena[67] id="base:arena_extra24" stagenum=0x59 langid=0x514f cat="Bonus"
[00:00.55] assetcatalog: arena[69] id="base:arena_test_lam" stagenum=0x5f langid=0x5151 cat="Bonus"
[00:00.55] assetcatalog: arena[71] id="base:arena_mp_random_multi" stagenum=0x02 langid=0x5126 cat="Random"
[00:00.55] assetcatalog: arena[72] id="base:arena_mp_random_solo" stagenum=0x03 langid=0x5127 cat="Random"
[00:00.55] assetcatalog: registered 48 base arenas
[00:00.55] assetcatalog: registered 6 sp bodies, 7 sp heads from g_HeadsAndBodies[152]
[00:00.55] assetcatalog: base game registration complete (288 total entries)
[00:00.55] assetcatalog: registered 47 base weapons
[00:00.56] assetcatalog: registered 1207 base animations
[00:00.60] assetcatalog: registered 3503 base textures
[00:00.60] assetcatalog: registered 8 base props
[00:00.60] assetcatalog: registered 6 base game modes
[00:00.64] assetcatalog: registered 1545 base audio entries (SFX)
[00:00.64] assetcatalog: registered 43 base music tracks
[00:00.64] assetcatalog: registered 6 base HUD elements
[00:00.66] assetcatalog: registered 441 base prop models (ASSET_MODEL)
[00:00.66] assetcatalog: registered 68 base lang banks
[00:00.66] assetcatalog: T3/T4/T5 extended registration complete (6874 entries)
[00:00.66] assetcatalog: extended registration added 6874 entries (7162 total)
[00:00.66] assetcatalog_scanner: scan complete, 0 mod components registered
[00:00.66] Asset Catalog: 7162 entries registered
[00:00.66] [CATALOG] Runtime caches built: 63 body IDs, 76 head IDs
[00:00.66] catalogLoadInit: 593 base-game + 0 mod override(s) indexed from 7162 catalog entries
[00:00.66] memp heap at 0000021d146a1040 - 0000021d156a1040
[00:00.66] rom  file at 0000021d7cb59040 - 0000021d7eb59040
[00:00.66] boot stage set to 0x26
[00:00.66] modmgr: rebuilt catalog caches — bodies=69 heads=83 arenas=73
[00:00.66] PDGUI theme: late init — loading UI textures from base-ui mod
[00:00.67] PDGUI theme: 'base:ui_bg_haze' ← mod file (64x64)
[00:00.67] PDGUI theme: 'base:ui_particles' ← mod file (1x1)
[00:00.67] PDGUI theme: 'base:ui_noise_sm' ← mod file (16x16)
[00:00.67] PDGUI theme: 'base:ui_noise_lg' ← mod file (16x16)
[00:00.67] PDGUI theme: 'base:ui_grad_bar' ← mod file (2x8)
[00:00.67] PDGUI theme: 'base:ui_mirror_tile' ← mod file (8x8)
[00:00.67] PDGUI theme: 'base:ui_dot_tile' ← mod file (8x8)
[00:00.67] PDGUI theme: 'base:ui_nuke' ← mod file (64x64)
[00:00.67] PDGUI theme: 'base:ui_bg_alt' ← mod file (64x64)
[00:00.67] PDGUI theme: 'base:ui_deco' ← mod file (32x32)
[00:00.67] PDGUI theme: 'base:ui_icon_a' ← mod file (14x14)
[00:00.67] PDGUI theme: 'base:ui_icon_b' ← mod file (11x11)
[00:00.67] PDGUI theme: 'base:ui_icon_c' ← mod file (14x14)
[00:00.67] PDGUI theme: late init complete — 13 from mod, 0 procedural
[00:00.67] INTRO: titleInit() called - setting up title sequence
[00:00.67] INTRO: titleInit() - g_TitleNextMode set to TITLEMODE_LEGAL (0)
[00:00.67] STAGE: titleSetNextStage(0x26)
[00:00.67] LOAD: 8Mb alloc index=0 stagenum_in_table=0x26 string="-ml0 -me0 -mgfx120 -mvtx98 -ma400"
[00:00.67] MEMPC [mempResetPool(STAGE)]: all 0 allocations intact (0 bytes total)
[00:00.67] LOAD: memaHeapSize=409600 bytes, calling memaReset
[00:00.67] LOAD: calling langReset(0x26)
[00:00.67] CATALOG: C-4 intercept live (first filenum=1511 query)
[00:00.67] LOAD: playermgrReset done, numplayers check next
[00:00.67] modmusic: stopped
[00:00.67] MEMPC: alloc 'FontTahoma' 5184 bytes at 0000021d72a2b330 (total: 5184 in 1 allocs)
[00:00.67] MEMPC: alloc 'FontNumeric' 5008 bytes at 0000021d72a2c7c0 (total: 10192 in 2 allocs)
[00:00.67] MEMPC: alloc 'FontHandelGothicXs' 8016 bytes at 0000021d74318d40 (total: 18208 in 3 allocs)
[00:00.67] MEMPC: alloc 'FontHandelGothicSm' 9216 bytes at 0000021d7431ace0 (total: 27424 in 4 allocs)
[00:00.67] FONT_INTEGRITY: HandelGothicSm loaded at 0000021d7431ace0 len=9216 checksum=0xdc3d292f
[00:00.67] MEMPC: alloc 'FontHandelGothicMd' 11488 bytes at 0000021d74419110 (total: 38912 in 5 allocs)
[00:00.67] LOAD: lv.c entering stage load sequence for stagenum=0x26
[00:00.67] FSPATH: "files/bgdata/bg_dish_tilesZ" -> BASEDIR -> "C:/Users/mikeh/Downloads/Perfect Dark 2.0/data/files/bgdata/bg_dish_tilesZ"
[00:00.67] LOAD: bgGetStageIndex(0x26) returned 18 (array has 87 entries)
[00:00.67] LOAD: stage[18] id=0x26 bgfile=19 tiles=358 pads=357 setup=307 mpsetup=271
[00:00.67] FSPATH: "files/bgdata/bg_dish.seg" -> BASEDIR -> "C:/Users/mikeh/Downloads/Perfect Dark 2.0/data/files/bgdata/bg_dish.seg"
[00:00.68] LOAD: bgReset done
[00:00.68] LOAD: bgBuildTables done
[00:00.68] MESHCOL: DISABLED -- using original collision system
[00:00.68] LOAD: skyReset done
[00:00.68] LOAD: music init normmplay=0 stagenum=0x26 players=1/0/0/0
[00:00.68] LOAD: music set done normmplay=0
[00:00.68] LOAD: mpApplyLimits done
[00:00.68] LOAD: player stats init done
[00:00.68] LOAD: mpSetDefaultNamesIfEmpty done
[00:00.68] LOAD: animsReset done
[00:00.68] LOAD: objectivesReset done
[00:00.68] LOAD: vtxstoreReset done
[00:00.68] LOAD: modelmgrReset done
[00:00.68] LOAD: psReset done
[00:00.68] LOAD: about to call setupLoadFiles(0x26)
[00:00.68] LOAD: setupLoadFiles(0x26) g_StageIndex=18 normmplay=0
[00:00.68] LOAD: loading setup file id=307 (mp=271, sp=307)
[00:00.68] LOAD: loading pad file id=357
[00:00.68] FSPATH: "files/bgdata/bg_dish_padsZ" -> BASEDIR -> "C:/Users/mikeh/Downloads/Perfect Dark 2.0/data/files/bgdata/bg_dish_padsZ"
[00:00.68] LOAD: model allocation numobjs=254 numchrs=9
[00:00.68] MODELMGR: AllocateSlots numobjs=254 numchrs=9 => g_MaxModels=363 g_MaxAnims=29
[00:00.68] MODELMGR: Pool sizes type1=70 type2=50 type3=48 spare=80 totalsize=44768 bytes
[00:00.68] LOAD: modelmgrAllocateSlots done
[00:00.68] LOAD: setupLoadFiles done
[00:00.68] LOAD: calling scenarioReset
[00:00.68] LOAD: calling varsReset
[00:00.68] LOAD: calling propsReset
[00:00.68] LOAD: calling chrmgrReset
[00:00.69] LOAD: calling bodiesReset stagenum=0x26
[00:00.69] BODIES: enter stagenum=0x26 normmplay=0 NumBondBodies=4 MaleHeads=42 FemaleHeads=4
[00:00.69] BODIES: modeldef clear done
[00:00.69] BODIES: rng bond body select NumBondBodies=4
[00:00.69] BODIES: selecting male heads NumActivePerGender=8
[00:00.69] BODIES: selecting female heads headsavailablelen=42
[00:00.69] BODIES: bodiesReset complete
[00:00.69] LOAD: calling setupCreateProps stagenum=0x26 normmplayerisrunning=0 chrslots=0x0000 g_MpNumChrs=0
[00:00.69] CHRSLOTS: chrmgrConfigure numchrs=9 PLAYERCOUNT=1 => g_NumChrSlots=20 (sizeof chrdata=984, total=19680 bytes)
[00:00.69] LOAD: chr slots done
[00:00.69] CATALOG: base:model_0194 (1879) → ROM
[00:00.69] CATALOG: base:model_017c (1372) → ROM
[00:00.69] CATALOG: base:model_0044 (167) → ROM
[00:00.69] CATALOG: base:model_00c4 (563) → ROM
[00:00.69] CATALOG: base:model_00ef (834) → ROM
[00:00.69] CATALOG: base:model_0004 (257) → ROM
[00:00.69] CATALOG: base:model_003f (181) → ROM
[00:00.69] CATALOG: base:model_00c5 (564) → ROM
[00:00.69] CATALOG: base:model_0047 (143) → ROM
[00:00.69] CATALOG: base:model_0046 (145) → ROM
[00:00.69] CATALOG: base:model_0156 (1290) → ROM
[00:00.69] CATALOG: base:model_014c (1280) → ROM
[00:00.69] CATALOG: base:carrington (64) → ROM
[00:00.69] body0f02ce8c: bodynum 90 (file 0x0040) modeldef->scale=1126.15
[00:00.69] CATALOG: base:head_carrington (415) → ROM
[00:00.69] CATALOG: base:cifemtech (1190) → ROM
[00:00.69] body0f02ce8c: bodynum 143 (file 0x04a6) modeldef->scale=1069.17
[00:00.69] CATALOG: base:head_secretary (421) → ROM
[00:00.69] CATALOG: base:cilabtech (1189) → ROM
[00:00.69] body0f02ce8c: bodynum 142 (file 0x04a5) modeldef->scale=1177.11
[00:00.69] CATALOG: base:head_christ (435) → ROM
[00:00.69] body0f02ce8c: bodynum 142 (file 0x04a5) modeldef->scale=1177.11
[00:00.69] CATALOG: base:head_mark2 (434) → ROM
[00:00.70] body0f02ce8c: bodynum 143 (file 0x04a6) modeldef->scale=1069.17
[00:00.70] body0f02ce8c: bodynum 142 (file 0x04a5) modeldef->scale=1177.11
[00:00.70] CATALOG: base:head_brian (461) → ROM
[00:00.70] body0f02ce8c: bodynum 142 (file 0x04a5) modeldef->scale=1177.11
[00:00.70] CATALOG: base:head_russ (444) → ROM
[00:00.70] body0f02ce8c: bodynum 142 (file 0x04a5) modeldef->scale=1177.11
[00:00.70] CATALOG: base:sp_head_52 (450) → ROM
[00:00.70] body0f02ce8c: bodynum 143 (file 0x04a6) modeldef->scale=1069.17
[00:00.70] CATALOG: base:model_0157 (1298) → ROM
[00:00.70] CATALOG: base:model_0117 (874) → ROM
[00:00.70] CATALOG: base:model_0118 (875) → ROM
[00:00.70] CATALOG: base:model_0119 (876) → ROM
[00:00.70] CATALOG: base:model_011a (877) → ROM
[00:00.70] CATALOG: base:model_011b (878) → ROM
[00:00.70] CATALOG: base:model_011c (879) → ROM
[00:00.70] CATALOG: base:model_011d (880) → ROM
[00:00.70] CATALOG: base:model_011e (881) → ROM
[00:00.70] CATALOG: base:model_0013 (136) → ROM
[00:00.70] CATALOG: base:model_0116 (873) → ROM
[00:00.70] CATALOG: base:model_01aa (1943) → ROM
[00:00.70] CATALOG: base:model_01a0 (1905) → ROM
[00:00.70] CATALOG: base:model_00f3 (838) → ROM
[00:00.70] CATALOG: base:model_00b5 (428) → ROM
[00:00.70] CATALOG: base:model_01a1 (1906) → ROM
[00:00.70] CATALOG: base:model_019d (1903) → ROM
[00:00.70] CATALOG: base:model_0177 (1362) → ROM
[00:00.70] CATALOG: base:model_019e (1904) → ROM
[00:00.70] CATALOG: base:model_0011 (134) → ROM
[00:00.70] CATALOG: base:model_012e (1231) → ROM
[00:00.70] CATALOG: base:model_00b3 (427) → ROM
[00:00.70] CATALOG: base:model_014d (1281) → ROM
[00:00.70] CATALOG: base:model_014e (1282) → ROM
[00:00.70] CATALOG: base:model_009c (216) → ROM
[00:00.70] CATALOG: base:model_00af (405) → ROM
[00:00.70] CATALOG: base:model_01a5 (1911) → ROM
[00:00.70] CATALOG: base:model_005a (215) → ROM
[00:00.70] CATALOG: base:model_003a (213) → ROM
[00:00.70] CATALOG: base:model_005b (200) → ROM
[00:00.70] CATALOG: base:model_00ae (133) → ROM
[00:00.70] CATALOG: base:model_007d (186) → ROM
[00:00.71] CATALOG: base:model_0176 (93) → ROM
[00:00.71] CATALOG: base:model_017a (1367) → ROM
[00:00.71] SIMULANT: NOT spawning normmplay=0 hasSimulants=0 chrslots=0x00000000
[00:00.71] SETUP: iterating props (g_StageSetup.props=0000021d1493aa20)
[00:00.71] SETUP: prop iteration done (412 objects)
[00:00.71] SETUP: calling stageAllocateBgChrs
[00:00.71] SETUP: setupLoadStage complete
[00:00.71] LOAD: setupCreateProps done, calling reset functions
[00:00.71] PLAYER_SPAWN: bondhealth=1.0000 stageindex=18 mplay=0 normmplay=0 options=0x00000000 onehitkills=0
[00:00.71] LOAD: playerLoadDefaults done for player 0, calling playerReset
[00:00.71] LOAD: playerReset intro cmd=0000021d14948788
[00:00.71] SPAWN: summary stage=0x26 npts=1 mplay=0 normmplay=0 netmode=0 intro=ok pads=ok
[00:00.71] SPAWN: scenarioChooseSpawnLocation scenario=0 normmplay=0 spawnfunc=0 numpads=1
[00:00.71] SPAWN: pre-ground pos=(637.0,360.0,923.0) room=16 angle=1.570
[00:00.71] LOAD: playerReset done for player 0, calling playerSpawn
[00:00.71] LOAD: playerSpawn done for player 0, calling bheadReset
[00:00.71] LOAD: player init loop complete
[00:00.72] TICK: lvTick enter tick=0 stagenum=0x26 g_MpNumChrs=0
[00:00.72] TICK: scenarioTick first call lvframe60=0 scenario=0 normmplayerisrunning=0 tickfunc=0000000000000000
[00:00.72] TICK: lvTickPlayer playernum=0 prop=0000021d1496cdf0 MpAllChr=0000000000000000 frame=0
[00:00.72] BMOVE: allowc1x=0 allowc1y=0 allowc1buttons=0 actionPlayer=0 AXIS_MOVE=0.000,-0.000 pausemode=0 lvupdate240=1 lvIsPaused=0
[00:00.73] UI.CHROME: base-game chrome missing — generating PD-authentic chrome frame
[00:00.73] UI.CHROME: wrote 64x64 TGA 'mods/base-game/ui-chrome/ui_chrome_frame.tga' (16402 bytes)
[00:00.73] UI.CHROME: wrote mods/base-game/ui-chrome/mod.json
[00:00.73] UI.CHROME: wrote mods/base-game/ui-chrome/README.md
[00:00.73] PDGUI theme: loaded 'base:ui_chrome_frame' from 'mods/base-game/ui-chrome/ui_chrome_frame.tga' (64x64) → GL 43
[00:00.73] PDGUI nineslice: registered 'base:ui_chrome_frame' (src L=16 R=16 T=16 B=16  dst L=16 R=16 T=16 B=16  center=tile)
[00:00.73] UI.CHROME: active chrome set to 'base:ui_chrome_frame'
[00:00.73] UI.CHROME: base-game chrome template mod initialized
[00:00.74] CATALOG: base:dark_combat (66) → ROM
[00:00.74] CATALOG: base:head_dark_combat (412) → ROM
[00:00.74] body0f02ce8c: bodynum 86 (file 0x0042) modeldef->scale=1162.33
[00:00.74] TICK: lvTickPlayer playernum=0 prop=0000021d1496cdf0 MpAllChr=0000000000000000 frame=2
[00:00.74] FONT_DIAG: chars=0000021d744193b8 font=0000021d74419110 text='Checking Controller ' g_CharsHandelGothicSm=0000021d7431af88 g_FontHandelGothicSm=0000021d7431ace0
[00:00.74] FONT_DIAG: char 'A' idx=32 baseline=0 h=11 w=10 pixeldata=0000021d7441a57c
[00:00.75] TICK: lvTickPlayer playernum=0 prop=0000021d1496cdf0 MpAllChr=0000000000000000 frame=2
[00:01.93] BMOVE: allowc1x=0 allowc1y=0 allowc1buttons=0 actionPlayer=0 AXIS_MOVE=0.000,-0.000 pausemode=0 lvupdate240=2 lvIsPaused=0
[00:03.13] BMOVE: allowc1x=0 allowc1y=0 allowc1buttons=0 actionPlayer=0 AXIS_MOVE=0.000,-0.000 pausemode=0 lvupdate240=2 lvIsPaused=0
[00:04.33] BMOVE: allowc1x=0 allowc1y=0 allowc1buttons=0 actionPlayer=0 AXIS_MOVE=0.000,-0.000 pausemode=0 lvupdate240=2 lvIsPaused=0
[00:05.53] BMOVE: allowc1x=0 allowc1y=0 allowc1buttons=0 actionPlayer=0 AXIS_MOVE=0.000,-0.000 pausemode=0 lvupdate240=2 lvIsPaused=0
[00:05.76] INPUTCTX: syncMouseMode -- restored relative mode for gameplay
[00:05.77] ACTIONMAP: activated 'menu' (priority 10, depth 2)
[00:05.77] INPUTCTX: imgui_menu on_push -- g_ImcMenu activated
[00:05.77] INPUTCTX: pushed 'imgui_menu' (depth now 2)
[00:05.77] SMFST: enter 00007ff782826be0 — loading 3 asset(s)
[00:05.77] CATALOG: retain bundled 'base:dark_combat'
[00:05.77] CATALOG: retain bundled 'base:head_dark_combat'
[00:05.77] CATALOG: retain bundled 'base:lang_misc'
[00:05.77] INPUTCTX: syncMouseMode -- restored absolute mode for 'imgui_menu'
[00:05.78] body0f02ce8c: bodynum 86 (file 0x0042) modeldef->scale=1162.33
[04:11.69] INPUTCTX: 'imgui_menu' marked for deferred removal
[04:11.69] INPUTCTX: syncMouseMode -- restored relative mode for gameplay
[04:11.70] ACTIONMAP: deactivated 'menu' (depth now 1)
[04:11.70] INPUTCTX: imgui_menu on_pop -- g_ImcMenu deactivated
[04:11.70] INPUTCTX: deferred pop of 'imgui_menu'
[04:11.71] PDGUI theme loader: applied built-in 'base:theme_blue' (palette 1)
[04:11.71] ACTIONMAP: activated 'menu' (priority 10, depth 2)
[04:11.71] INPUTCTX: imgui_menu on_push -- g_ImcMenu activated
[04:11.71] INPUTCTX: pushed 'imgui_menu' (depth now 2)
[04:11.71] MENU_IMGUI: main menu OPEN
[04:11.71] SMFST: leave 00007ff782826be0 — unloading 3 asset(s)
[04:12.10] MUSIC: musicStartPrimary track=13 qlen=1
[04:12.16] MUSIC: musicStartPrimary track=13 qlen=2
[04:13.08] BMOVE: allowc1x=1 allowc1y=1 allowc1buttons=1 actionPlayer=0 AXIS_MOVE=0.000,0.000 pausemode=0 lvupdate240=2 lvIsPaused=0
[04:14.28] BMOVE: allowc1x=1 allowc1y=1 allowc1buttons=1 actionPlayer=0 AXIS_MOVE=0.000,0.000 pausemode=0 lvupdate240=2 lvIsPaused=0
[04:15.48] BMOVE: allowc1x=1 allowc1y=1 allowc1buttons=1 actionPlayer=0 AXIS_MOVE=0.000,0.000 pausemode=0 lvupdate240=2 lvIsPaused=0
[04:16.13] MENU_STACK: settings OPEN (s_MenuView=2)
[04:25.52] ACTIONMAP: binds loaded from pd.ini into 6 IMCs
[04:31.34] MENU_IMGUI: main menu ESC — settings CLOSE (view 2->0)
[04:32.39] MODMGR: snapshot loaded — 357 entries, 6 categories
[04:32.39] MODHUB: opened
[04:32.40] MENU_STACK: modding hub OPEN (s_MenuView=3)
[04:36.21] MENU_IMGUI: main menu ESC — modding hub CLOSE (view 3->0)
[04:37.31] MODMGR: snapshot loaded — 357 entries, 6 categories
[04:37.31] MODHUB: opened
[04:37.31] MENU_STACK: modding hub OPEN (s_MenuView=3)
[04:37.81] MENU_IMGUI: main menu ESC — modding hub CLOSE (view 3->0)
[04:39.25] MENU_STACK: settings OPEN (s_MenuView=2)
[04:46.85] MEMPC [settings_debug]: all 5 allocations intact (38912 bytes total)
[04:46.85] SETTINGS_DEBUG: mempPCValidate = OK
[05:05.21] MENU_IMGUI: main menu ESC — settings CLOSE (view 2->0)
[05:06.50] MENU_STACK: settings OPEN (s_MenuView=2)
[05:07.27] ACTIONMAP: binds loaded from pd.ini into 6 IMCs
[06:35.30] MENU_IMGUI: main menu ESC — settings CLOSE (view 2->0)
[07:37.05] JOIN: code validated, connecting...
[07:37.05] NET: using protocol version 35
[07:37.05] NET: connecting to 67.8.148.199:27100...
[07:37.05] NET: waiting for response from 67.8.148.199:27100...
[07:37.05] LOBBY: initialized (dedicated server model)
[07:37.05] NET: starting connection waterfall to 67.8.148.199:27100
[07:37.06] NET: connected via direct
[07:37.06] NET: connected to server, sending CLC_AUTH
[07:37.14] NET: SVC_AUTH from server, our ID is 0
[07:37.14] LOBBY: immediate leader assigned: slot 0 (client 0, MikeHazeJr)
[07:37.14] MENU_IMGUI: social lobby OPEN
[07:37.16] NET: SVC_LOBBY_LEADER: leader is client 0
[07:37.16] LOBBY: leader changed to slot 0 (MikeHazeJr)
[07:37.16] NET: SVC_ROOM_LIST received (1 rooms)
[07:42.21] LOBBY: sending CLC_ROOM_CREATE to server
[07:42.26] NET: SVC_ROOM_ASSIGN: assigned to room 1
[07:42.26] CATALOG: building arena list from catalog (48 ASSET_ARENA entries)
[07:42.27] CATALOG: arena[0] "Skedar" id='base:arena_mp_skedar' stagenum=0x32 sec=0 registered
[07:42.27] CATALOG: arena[1] "Pipes" id='base:arena_mp_pipes' stagenum=0x29 sec=0 registered
[07:42.27] CATALOG: arena[2] "Ravine" id='base:arena_mp_ravine' stagenum=0x17 sec=0 registered
[07:42.27] CATALOG: arena[3] "G5 Building" id='base:arena_mp_g5building' stagenum=0x20 sec=0 registered
[07:42.27] CATALOG: arena[4] "Sewers" id='base:arena_mp_sewers' stagenum=0x42 sec=0 registered
[07:42.27] CATALOG: arena[5] "Warehouse" id='base:arena_mp_warehouse' stagenum=0x3c sec=0 registered
[07:42.27] CATALOG: arena[6] "Grid" id='base:arena_mp_grid' stagenum=0x47 sec=0 registered
[07:42.27] CATALOG: arena[7] "Ruins" id='base:arena_mp_ruins' stagenum=0x41 sec=0 registered
[07:42.27] CATALOG: arena[8] "Area 52" id='base:arena_mp_area52' stagenum=0x3b sec=0 registered
[07:42.27] CATALOG: arena[9] "Base" id='base:arena_mp_base' stagenum=0x39 sec=0 registered
[07:42.27] CATALOG: arena[10] "Fortress" id='base:arena_mp_fortress' stagenum=0x44 sec=0 registered
[07:42.27] CATALOG: arena[11] "Villa" id='base:arena_mp_villa' stagenum=0x45 sec=0 registered
[07:42.27] CATALOG: arena[12] "Car Park" id='base:arena_mp_carpark' stagenum=0x3d sec=0 registered
[07:42.27] CATALOG: arena[13] "dataDyne Central" id='base:arena_defection' stagenum=0x30 sec=1 registered
[07:42.27] CATALOG: arena[14] "dataDyne Research" id='base:arena_investigation' stagenum=0x33 sec=1 registered
[07:42.27] CATALOG: arena[15] "Carrington Villa" id='base:arena_villa' stagenum=0x2c sec=1 registered
[07:42.27] CATALOG: arena[16] "Chicago" id='base:arena_chicago' stagenum=0x1d sec=1 registered
[07:42.27] CATALOG: arena[17] "G5 Building" id='base:arena_g5building' stagenum=0x1e sec=1 registered
[07:42.27] CATALOG: arena[18] "Area 51" id='base:arena_infiltration' stagenum=0x2f sec=1 registered
[07:42.27] CATALOG: arena[19] "Air Base" id='base:arena_airbase' stagenum=0x27 sec=1 registered
[07:42.27] CATALOG: arena[20] "Air Force One" id='base:arena_airforceone' stagenum=0x31 sec=1 registered
[07:42.27] CATALOG: arena[21] "Crash Site" id='base:arena_crashsite' stagenum=0x1c sec=1 registered
[07:42.27] CATALOG: arena[22] "Pelagic II" id='base:arena_pelagic' stagenum=0x21 sec=1 registered
[07:42.27] CATALOG: arena[23] "Deep Sea" id='base:arena_deepsea' stagenum=0x38 sec=1 registered
[07:42.27] CATALOG: arena[24] "Carrington Institute" id='base:arena_defense' stagenum=0x2d sec=1 registered
[07:42.27] CATALOG: arena[25] "Attack Ship" id='base:arena_attackship' stagenum=0x34 sec=1 registered
[07:42.27] CATALOG: arena[26] "Skedar Ruins" id='base:arena_skedarruins' stagenum=0x2a sec=1 registered
[07:42.27] CATALOG: arena[27] "Temple" id='base:arena_mp_temple' stagenum=0x25 sec=0 registered
[07:42.27] CATALOG: arena[28] "Complex" id='base:arena_mp_complex' stagenum=0x1f sec=0 registered
[07:42.27] CATALOG: arena[29] "Caves" id='base:arena_mp_grid6' stagenum=0x3e sec=0 registered
[07:42.27] CATALOG: arena[30] "Rooftop" id='base:arena_mp_grid2' stagenum=0x3a sec=0 registered
[07:42.27] CATALOG: arena[31] "Felicity" id='base:arena_mp_felicity' stagenum=0x43 sec=0 registered
[07:42.27] CATALOG: arena[32] "Kakariko Village (Stormy)" id='base:arena_stage_24' stagenum=0x24 sec=0 registered
[07:42.27] CATALOG: arena[33] "Dark Noon Valley" id='base:arena_mp_grid7' stagenum=0x3f sec=0 registered
[07:42.27] CATALOG: arena[34] "Suburb" id='base:arena_test_arch' stagenum=0x18 sec=0 registered
[07:42.27] CATALOG: arena[35] "Training Day" id='base:arena_test_dest' stagenum=0x1a sec=0 registered
[07:42.27] CATALOG: arena[36] "Runway" id='base:arena_extra16' stagenum=0x51 sec=0 registered
[07:42.27] CATALOG: arena[37] "Control" id='base:arena_extra17' stagenum=0x52 sec=0 registered
[07:42.27] CATALOG: arena[38] "Tawfret Ruins" id='base:arena_extra18' stagenum=0x53 sec=0 registered
[07:42.27] CATALOG: arena[39] "Targitzan's Temple" id='base:arena_extra19' stagenum=0x54 sec=0 registered
[07:42.27] CATALOG: arena[40] "Junkyard" id='base:arena_extra20' stagenum=0x55 sec=0 registered
[07:42.27] CATALOG: arena[41] "Steel Mill" id='base:arena_extra21' stagenum=0x56 sec=0 registered
[07:42.27] CATALOG: arena[42] "Mall" id='base:arena_extra22' stagenum=0x57 sec=0 registered
[07:42.27] CATALOG: arena[43] "Tunnels" id='base:arena_extra23' stagenum=0x58 sec=0 registered
[07:42.27] CATALOG: arena[44] "Rogue" id='base:arena_extra24' stagenum=0x59 sec=0 registered
[07:42.27] CATALOG: arena[45] "War Colors" id='base:arena_test_lam' stagenum=0x5f sec=0 registered
[07:42.27] CATALOG: arena[46] "Random: PD Maps" id='base:arena_mp_random_multi' stagenum=0x02 sec=0 registered
[07:42.27] CATALOG: arena[47] "Random: Solo Maps" id='base:arena_mp_random_solo' stagenum=0x03 sec=0 registered
[07:42.27] CATALOG: arena list built: 48 arenas (MP=34, Campaign=14, Mod=0)
[07:42.27] MATCHSETUP: config initialized — player 'MikeHazeJr' body_id='base:dark_combat' head_id='base:head_dark_combat'
[07:42.27] MENU_IMGUI: room OPEN (solo=0, pushedCtx=0)
[07:42.27] NET: SVC_ROOM_LIST received (2 rooms)
[07:50.26] ROOM: arena selected "Air Base" id='base:arena_airbase'
[07:53.43] ROOM: stage selected: "Air Base" id='base:arena_airbase' stagenum=0x27
[07:53.43] WARNING: MATCH-START: client sending CLC_LOBBY_START, stage_id='base:arena_airbase'
[07:53.43] MANIFEST-HOST: built 10 entries, hash=0x405d5ab9
[07:53.43] BRIDGE: sent CLC_LOBBY_START gamemode=0 stage='base:arena_airbase'(0x27) diff=0 sims=0 simtype=2 tl=60 opt=0x00200000 scen=0 sc=9 tsc=400 weaponset=0
[07:53.56] NET: SVC_MATCH_MANIFEST hash=0x405d5ab9 entries=10
[07:53.56] MANIFEST: checking 10 entries against local catalog (hash=0x405d5ab9)
[07:53.56] MANIFEST: [ 0] STAGE     id='base:arena_airbase' — OK
[07:53.56] MANIFEST: [ 1] WEAPON    id='base:falcon2_silencer' — OK
[07:53.56] MANIFEST: [ 2] WEAPON    id='base:mauler' — OK
[07:53.56] MANIFEST: [ 3] WEAPON    id='base:dy357lx' — OK
[07:53.56] MANIFEST: [ 4] BODY      id='base:dark_combat' — OK
[07:53.56] MANIFEST: [ 5] HEAD      id='base:head_dark_combat' — OK
[07:53.56] WARNING: MANIFEST: [ 6] COMPONENT  id='bw-basic' — MISSING
[07:53.56] WARNING: MANIFEST: [ 7] COMPONENT  id='black-and-gold-2' — MISSING
[07:53.56] WARNING: MANIFEST: [ 8] COMPONENT  id='of-wolf-and-man' — MISSING
[07:53.56] WARNING: MANIFEST: [ 9] COMPONENT  id='memory-remains' — MISSING
[07:53.56] MANIFEST: check found 4 missing component(s) of 10 entries, sending NEED_ASSETS
[07:53.57] WARNING: [SESSION-CATALOG-ASSERT] entry 'bw-basic' not resolved in local catalog -- pipeline bug
[07:53.57] WARNING: [SESSION-CATALOG-ASSERT] entry 'black-and-gold-2' not resolved in local catalog -- pipeline bug
[07:53.57] WARNING: [SESSION-CATALOG-ASSERT] entry 'of-wolf-and-man' not resolved in local catalog -- pipeline bug
[07:53.57] WARNING: [SESSION-CATALOG-ASSERT] entry 'memory-remains' not resolved in local catalog -- pipeline bug
[07:53.57] NET: SVC_SESSION_CATALOG received (10 entries)
[07:53.57] NET: SVC_MATCH_COUNTDOWN 0/1 ready phase=0 countdown=30s
[07:53.62] NET: SVC_MATCH_COUNTDOWN 0/1 ready phase=1 countdown=29s
[07:59.83] ROOM: arena selected "Air Force One" id='base:arena_airforceone'
[08:01.60] ROOM: stage selected: "Air Force One" id='base:arena_airforceone' stagenum=0x31
[08:01.60] WARNING: MATCH-START: client sending CLC_LOBBY_START, stage_id='base:arena_airforceone'
[08:01.60] MANIFEST-HOST: built 10 entries, hash=0xbb65c855
[08:01.60] BRIDGE: sent CLC_LOBBY_START gamemode=0 stage='base:arena_airforceone'(0x31) diff=0 sims=0 simtype=2 tl=60 opt=0x00200000 scen=0 sc=9 tsc=400 weaponset=0
[08:01.72] NET: SVC_MATCH_MANIFEST hash=0xbb65c855 entries=10
[08:01.72] MANIFEST: checking 10 entries against local catalog (hash=0xbb65c855)
[08:01.72] MANIFEST: [ 0] STAGE     id='base:arena_airforceone' — OK
[08:01.72] MANIFEST: [ 1] WEAPON    id='base:falcon2_silencer' — OK
[08:01.72] MANIFEST: [ 2] WEAPON    id='base:mauler' — OK
[08:01.72] MANIFEST: [ 3] WEAPON    id='base:dy357lx' — OK
[08:01.72] MANIFEST: [ 4] BODY      id='base:dark_combat' — OK
[08:01.72] MANIFEST: [ 5] HEAD      id='base:head_dark_combat' — OK
[08:01.72] WARNING: MANIFEST: [ 6] COMPONENT  id='bw-basic' — MISSING
[08:01.72] WARNING: MANIFEST: [ 7] COMPONENT  id='black-and-gold-2' — MISSING
[08:01.72] WARNING: MANIFEST: [ 8] COMPONENT  id='of-wolf-and-man' — MISSING
[08:01.72] WARNING: MANIFEST: [ 9] COMPONENT  id='memory-remains' — MISSING
[08:01.72] MANIFEST: check found 4 missing component(s) of 10 entries, sending NEED_ASSETS
[08:01.74] WARNING: [SESSION-CATALOG-ASSERT] entry 'bw-basic' not resolved in local catalog -- pipeline bug
[08:01.74] WARNING: [SESSION-CATALOG-ASSERT] entry 'black-and-gold-2' not resolved in local catalog -- pipeline bug
[08:01.74] WARNING: [SESSION-CATALOG-ASSERT] entry 'of-wolf-and-man' not resolved in local catalog -- pipeline bug
[08:01.74] WARNING: [SESSION-CATALOG-ASSERT] entry 'memory-remains' not resolved in local catalog -- pipeline bug
[08:01.74] NET: SVC_SESSION_CATALOG received (10 entries)
[08:01.74] WARNING: MATCH-START: client received SVC_STAGE_START, stage_session=1
[08:01.74] WARNING: MATCH-START: stage_session=1 resolved to stagenum=0x31
[08:01.74] NET: SVC_STAGE_START spawn weapon '(random)' → weaponnum=255
[08:01.74] NET: SVC_STAGE from server: going to stage 0x31 with 1 players chrslots=0x0
[08:01.74] CATALOG: [ 86] file 0x0042 — OK (scale=1162.33, parts=7)
[08:01.74] CATALOG: [  4] file 0x019c — OK (scale=222.28, parts=1)
[08:01.74] NET: player 0 body='base:dark_combat'->0 head='base:head_dark_combat'->0
[08:01.74] WARNING: MATCH-START: calling mainChangeToStage, stagenum=0x31
[08:01.75] MATCH: pre-quickteam chrslots=0x0000000000000000 hasSim=0 netmode=2
[08:01.75] MATCH: post-quickteam chrslots=0x0000000000000000 hasSim=0
[08:01.75] MATCH: options=0x00200000 onehitkills=0 slowmo=0 scenario=0 handicap0=128
[08:01.75] STAGE: mpStartMatch: menu_stage=0x31, resolved_stage=0x31, numplayers=0
[08:01.75] PARTICIPANTS: 0 active (0 players, 0 bots)
[08:01.75] STAGE: titleSetNextStage(0x31)
[08:01.75] MANIFEST-MP: transition — 10 entries in client manifest
[08:01.75] WARNING: MANIFEST-VALIDATE: WARN: entry 'bw-basic' not found in catalog, skipping
[08:01.75] WARNING: MANIFEST-VALIDATE: WARN: entry 'black-and-gold-2' not found in catalog, skipping
[08:01.75] WARNING: MANIFEST-VALIDATE: WARN: entry 'of-wolf-and-man' not found in catalog, skipping
[08:01.75] WARNING: MANIFEST-VALIDATE: WARN: entry 'memory-remains' not found in catalog, skipping
[08:01.75] WARNING: MANIFEST-VALIDATE: 4 of 10 to-load entries invalid and skipped
[08:01.75] CATALOG: retain bundled 'base:arena_airforceone'
[08:01.75] MANIFEST-SP: load 'base:arena_airforceone'
[08:01.75] CATALOG: retain bundled 'base:falcon2_silencer'
[08:01.75] MANIFEST-SP: load 'base:falcon2_silencer'
[08:01.75] CATALOG: retain bundled 'base:mauler'
[08:01.75] MANIFEST-SP: load 'base:mauler'
[08:01.75] CATALOG: retain bundled 'base:dy357lx'
[08:01.75] MANIFEST-SP: load 'base:dy357lx'
[08:01.75] CATALOG: retain bundled 'base:dark_combat'
[08:01.75] MANIFEST-SP: load 'base:dark_combat'
[08:01.75] CATALOG: retain bundled 'base:head_dark_combat'
[08:01.75] MANIFEST-SP: load 'base:head_dark_combat'
[08:01.75] MANIFEST-SP: applied diff — load=10 unload=0 keep=0
[08:01.75] INTRO: titleSetNextMode(5=SKIP) [cur=-1, delayed=-1]
[08:01.75] INPUTCTX: 'imgui_menu' marked for deferred removal
[08:01.75] INPUTCTX: syncMouseMode -- restored relative mode for gameplay
[08:01.75] NET: sending CLC_STAGE_READY
[08:01.75] NET: received chr resync at tick 4277 for 0 bots
[08:01.75] NET: received prop resync at tick 4277 for 0 props
[08:01.75] LOAD: 8Mb alloc index=11 stagenum_in_table=0x31 string="-ml0 -me0 -mgfx110 -mgfxtra80 -mvtx100 -ma700"
[08:01.75] MEMPC [mempResetPool(STAGE)]: all 5 allocations intact (38912 bytes total)
[08:01.75] LOAD: memaHeapSize=1433600 bytes, calling memaReset
[08:01.75] LOAD: calling langReset(0x31)
[08:01.75] LOAD: playermgrReset done, numplayers check next
[08:01.75] NET: allocated playernum=0 body='base:dark_combat' head='base:head_dark_combat' name=MikeHazeJr
[08:01.75] MATCH: mpReset normmplay=1 mplay=1 chrslots=0x0000000000000000 hasSim=0 netmode=2
[08:01.75] MATCH: mpReset player enum done: g_MpNumChrs=0 chrslots=0x0000000000000000
[08:01.75] modmusic: stopped
[08:01.75] MEMPC: font cache hit for rom=0000021d72a02930 -> 0000021d72a2b330 (stage reload skipped)
[08:01.75] MEMPC: font cache hit for rom=0000021d72a03d90 -> 0000021d72a2c7c0 (stage reload skipped)
[08:01.75] MEMPC: font cache hit for rom=0000021d74314090 -> 0000021d74318d40 (stage reload skipped)
[08:01.75] MEMPC: font cache hit for rom=0000021d72a05140 -> 0000021d7431ace0 (stage reload skipped)
[08:01.75] MEMPC: font cache hit for rom=0000021d74316000 -> 0000021d74419110 (stage reload skipped)
[08:01.75] LOAD: lv.c entering stage load sequence for stagenum=0x31
[08:01.75] FSPATH: "files/bgdata/bg_rit_tilesZ" -> BASEDIR -> "C:/Users/mikeh/Downloads/Perfect Dark 2.0/data/files/bgdata/bg_rit_tilesZ"
[08:01.76] LOAD: bgGetStageIndex(0x31) returned 29 (array has 87 entries)
[08:01.76] LOAD: stage[29] id=0x31 bgfile=29 tiles=384 pads=383 setup=320 mpsetup=284
[08:01.76] FSPATH: "files/bgdata/bg_rit.seg" -> BASEDIR -> "C:/Users/mikeh/Downloads/Perfect Dark 2.0/data/files/bgdata/bg_rit.seg"
[08:01.76] LOAD: bgReset done
[08:01.76] LOAD: bgBuildTables done
[08:01.76] MESHCOL: DISABLED -- using original collision system
[08:01.76] LOAD: skyReset done
[08:01.76] LOAD: music init normmplay=1 stagenum=0x31 players=1/0/0/0
[08:01.76] MUSIC: musicSetStageAndStartMusic stagenum=0x31
[08:01.76] MUSIC: calling musicStartPrimary
[08:01.76] MUSIC: musicStartPrimary track=58 qlen=1
[08:01.76] MUSIC: checking ambient track
[08:01.76] MUSIC: calling musicStartAmbient
[08:01.76] MUSIC: musicSetStageAndStartMusic done
[08:01.76] LOAD: music set done normmplay=1
[08:01.76] LOAD: mpApplyLimits done
[08:01.76] LOAD: player stats init done
[08:01.76] LOAD: mpSetDefaultNamesIfEmpty done
[08:01.76] LOAD: animsReset done
[08:01.76] LOAD: objectivesReset done
[08:01.76] LOAD: vtxstoreReset done
[08:01.76] LOAD: modelmgrReset done
[08:01.76] LOAD: psReset done
[08:01.76] LOAD: about to call setupLoadFiles(0x31)
[08:01.76] LOAD: setupLoadFiles(0x31) g_StageIndex=29 normmplay=1
[08:01.76] LOAD: loading setup file id=284 (mp=284, sp=320)
[08:01.76] LOAD: loading pad file id=383
[08:01.76] FSPATH: "files/bgdata/bg_rit_padsZ" -> BASEDIR -> "C:/Users/mikeh/Downloads/Perfect Dark 2.0/data/files/bgdata/bg_rit_padsZ"
[08:01.76] LOAD: model allocation numobjs=0 numchrs=0
[08:01.76] MODELMGR: AllocateSlots numobjs=0 numchrs=0 => g_MaxModels=100 g_MaxAnims=20
[08:01.76] MODELMGR: Pool sizes type1=70 type2=50 type3=48 spare=80 totalsize=24448 bytes
[08:01.76] LOAD: modelmgrAllocateSlots done
[08:01.76] LOAD: setupLoadFiles done
[08:01.76] LOAD: calling scenarioReset
[08:01.76] LOAD: calling varsReset
[08:01.76] LOAD: calling propsReset
[08:01.76] LOAD: calling chrmgrReset
[08:01.76] LOAD: calling bodiesReset stagenum=0x31
[08:01.76] BODIES: enter stagenum=0x31 normmplay=1 NumBondBodies=4 MaleHeads=42 FemaleHeads=4
[08:01.76] BODIES: modeldef clear done
[08:01.76] BODIES: normmplay active — skipping guard body randomization
[08:01.76] LOAD: calling setupCreateProps stagenum=0x31 normmplayerisrunning=1 chrslots=0x0000 g_MpNumChrs=0
[08:01.76] CHRSLOTS: chrmgrConfigure numchrs=0 PLAYERCOUNT=1 => g_NumChrSlots=11 (sizeof chrdata=984, total=10824 bytes)
[08:01.76] LOAD: chr slots done
[08:01.76] SIMULANT: NOT spawning normmplay=1 hasSimulants=0 chrslots=0x00000000
[08:01.76] SETUP: calling scenarioInitProps
[08:01.76] SETUP: scenarioInitProps done
[08:01.76] SETUP: iterating props (g_StageSetup.props=0000021d14a504c0)
[08:01.76] SETUP: prop iteration done (0 objects)
[08:01.76] SETUP: calling stageAllocateBgChrs
[08:01.76] SETUP: setupLoadStage complete
[08:01.76] LOAD: setupCreateProps done, calling reset functions
[08:01.76] PLAYER_SPAWN: bondhealth=1.0000 stageindex=29 mplay=1 normmplay=1 options=0x00200000 onehitkills=0
[08:01.76] LOAD: playerLoadDefaults done for player 0, calling playerReset
[08:01.76] LOAD: playerReset intro cmd=0000021d14a504c4
[08:01.76] WARNING: SPAWN: all 24 pads collapsed to padnum=0 — sequential fallback
[08:01.76] SPAWN: populated 24 spawn points from 137 navmesh waypoints (adaptive spacing)
[08:01.76] SPAWN-DIAG: pad[0] padnum=0 pos=(925,28,-8173) room=28 flags=0x5
[08:01.76] SPAWN-DIAG: pad[1] padnum=1 pos=(915,28,-8711) room=30 flags=0x5
[08:01.76] SPAWN-DIAG: pad[2] padnum=2 pos=(728,28,-8709) room=30 flags=0x5
[08:01.76] SPAWN-DIAG: pad[3] padnum=3 pos=(738,28,-8171) room=28 flags=0x5
[08:01.76] SPAWN-DIAG: pad[4] padnum=4 pos=(-195,28,-8161) room=32 flags=0x5
[08:01.76] SPAWN-DIAG: pad[5] padnum=5 pos=(-203,28,-8730) room=33 flags=0x5
[08:01.76] SPAWN: summary stage=0x31 npts=24 mplay=1 normmplay=1 netmode=2 intro=ok pads=ok
[08:01.76] SPAWNPOOL: build start -- stage= seed=0x000010b5 needed=4 aabb_valid=1 min_spacing=500
[08:01.76] SPAWNPOOL: L1 pad 2 rejected (budget=-1, room=30)
[08:01.76] SPAWNPOOL: L1 pad 3 rejected (budget=-1, room=28)
[08:01.76] SPAWNPOOL: L1 declared: 4/4 accepted from 24 pads
[08:01.76] SPAWNPOOL: build complete -- 4 points (needed 4), max_layer=1
[08:01.76] SPAWNPOOL:   [0] L1 pad=0 pos=(925,28,-8173) room=28 budget=28000
[08:01.76] SPAWNPOOL:   [1] L1 pad=1 pos=(915,28,-8711) room=30 budget=28000
[08:01.76] SPAWNPOOL:   [2] L1 pad=4 pos=(-195,28,-8161) room=32 budget=28000
[08:01.76] SPAWNPOOL:   [3] L1 pad=5 pos=(-203,28,-8730) room=33 budget=28000
[08:01.77] SPAWN: initial MP spawn via pool[0] L1 pos=(925,28,-8173) room=28 team=-1
[08:01.77] SPAWN: pre-ground pos=(925.0,28.0,-8173.0) room=28 angle=0.000
[08:01.77] LOAD: playerReset done for player 0, calling playerSpawn
[08:01.77] SPAWN: player 0 -- spawnwithweapon set but no valid weapon (spawnWeaponNum=255 weapons[0]=0)
[08:01.77] body0f02ce8c: bodynum 86 (file 0x0042) modeldef->scale=1162.33
[08:01.77] LOAD: playerSpawn done for player 0, calling bheadReset
[08:01.77] LOAD: player init loop complete
[08:01.77] NET: last initial syncid: 1
[08:01.77] ACTIONMAP: deactivated 'menu' (depth now 1)
[08:01.77] INPUTCTX: imgui_menu on_pop -- g_ImcMenu deactivated
[08:01.77] INPUTCTX: deferred pop of 'imgui_menu'
[08:01.77] TICK: lvTick enter tick=0 stagenum=0x31 g_MpNumChrs=0
[08:01.77] TICK: lvTickPlayer playernum=0 prop=0000021d14a5e440 MpAllChr=0000021d14a7d0f0 frame=1
[08:01.77] BMOVE: allowc1x=0 allowc1y=0 allowc1buttons=0 actionPlayer=0 AXIS_MOVE=0.000,-0.000 pausemode=0 lvupdate240=1 lvIsPaused=0
[08:01.86] NET: SVC_BOT_AUTHORITY received — deferred until stage load complete
[08:03.04] BMOVE: allowc1x=0 allowc1y=0 allowc1buttons=0 actionPlayer=0 AXIS_MOVE=0.000,-0.000 pausemode=0 lvupdate240=2 lvIsPaused=0
[08:04.24] BMOVE: allowc1x=1 allowc1y=1 allowc1buttons=1 actionPlayer=0 AXIS_MOVE=0.000,-0.000 pausemode=0 lvupdate240=2 lvIsPaused=0
[08:05.44] BMOVE: allowc1x=1 allowc1y=1 allowc1buttons=1 actionPlayer=0 AXIS_MOVE=0.136,0.954 pausemode=0 lvupdate240=2 lvIsPaused=0
[08:06.64] BMOVE: allowc1x=1 allowc1y=1 allowc1buttons=1 actionPlayer=0 AXIS_MOVE=-0.274,0.908 pausemode=0 lvupdate240=2 lvIsPaused=0
[08:07.84] BMOVE: allowc1x=1 allowc1y=1 allowc1buttons=1 actionPlayer=0 AXIS_MOVE=-0.830,0.426 pausemode=0 lvupdate240=2 lvIsPaused=0
[08:09.04] BMOVE: allowc1x=1 allowc1y=1 allowc1buttons=1 actionPlayer=0 AXIS_MOVE=-0.343,0.876 pausemode=0 lvupdate240=2 lvIsPaused=0
[08:10.24] BMOVE: allowc1x=1 allowc1y=1 allowc1buttons=1 actionPlayer=0 AXIS_MOVE=-0.701,0.600 pausemode=0 lvupdate240=2 lvIsPaused=0
[08:10.55] JUMP: impulse=8.2 grounded=1 gap=0.00 manground=0.00 ground=0.00 bdeltaY=0.00 onladder=0 isfalling=0 inlift=0
[08:10.55] JUMP: APPLIED impulse=8.2 newManground=3.00 newPosY=156.76
[08:11.44] BMOVE: allowc1x=1 allowc1y=1 allowc1buttons=1 actionPlayer=0 AXIS_MOVE=0.000,-0.000 pausemode=0 lvupdate240=2 lvIsPaused=0
[08:12.20] JUMP: impulse=8.2 grounded=1 gap=0.00 manground=0.00 ground=0.00 bdeltaY=0.00 onladder=0 isfalling=0 inlift=0
[08:12.20] JUMP: APPLIED impulse=8.2 newManground=3.00 newPosY=150.85
[08:12.64] BMOVE: allowc1x=1 allowc1y=1 allowc1buttons=1 actionPlayer=0 AXIS_MOVE=-0.632,0.674 pausemode=0 lvupdate240=2 lvIsPaused=0
[08:13.29] JUMP: impulse=8.2 grounded=1 gap=0.00 manground=0.34 ground=0.34 bdeltaY=0.00 onladder=0 isfalling=0 inlift=0
[08:13.29] JUMP: APPLIED impulse=8.2 newManground=3.34 newPosY=149.13
[08:13.84] BMOVE: allowc1x=1 allowc1y=1 allowc1buttons=1 actionPlayer=0 AXIS_MOVE=-0.949,0.159 pausemode=0 lvupdate240=2 lvIsPaused=0
[08:14.38] JUMP: impulse=8.2 grounded=1 gap=0.00 manground=0.13 ground=0.13 bdeltaY=0.00 onladder=0 isfalling=0 inlift=0
[08:14.38] JUMP: APPLIED impulse=8.2 newManground=3.13 newPosY=153.06
[08:14.40] JUMP_BLOCKED: bwalkTryMoveUpwards(3.89) HIT bg/world geometry playerpos=(-905.4,134.5,-8671.0) radius=30.0 ymax=185.2 ymin=43.1
[08:14.40] JUMP_COLLIDED: upward move blocked! manground=13.2 ground=0.1 vel=7.85 -> setting vel=0 isfalling=1
[08:15.04] BMOVE: allowc1x=1 allowc1y=1 allowc1buttons=1 actionPlayer=0 AXIS_MOVE=0.040,0.977 pausemode=0 lvupdate240=2 lvIsPaused=0
[08:15.59] JUMP: impulse=8.2 grounded=1 gap=-0.00 manground=-0.00 ground=0.00 bdeltaY=0.00 onladder=0 isfalling=0 inlift=0
[08:15.59] JUMP: APPLIED impulse=8.2 newManground=3.00 newPosY=150.39
[08:16.24] BMOVE: allowc1x=1 allowc1y=1 allowc1buttons=1 actionPlayer=0 AXIS_MOVE=-0.697,0.609 pausemode=0 lvupdate240=2 lvIsPaused=0
[08:17.44] BMOVE: allowc1x=1 allowc1y=1 allowc1buttons=1 actionPlayer=0 AXIS_MOVE=0.540,0.752 pausemode=0 lvupdate240=2 lvIsPaused=0
[08:18.28] JUMP: impulse=8.2 grounded=1 gap=-0.16 manground=-0.25 ground=-0.10 bdeltaY=0.00 onladder=0 isfalling=0 inlift=0
[08:18.28] JUMP: APPLIED impulse=8.2 newManground=2.90 newPosY=149.51
[08:18.45] PRE_CEIL_CLAMP: ceilY=243.1 maxGround=71.1 delta 2.64 -> -1.30, killing velocity
[08:18.64] BMOVE: allowc1x=1 allowc1y=1 allowc1buttons=1 actionPlayer=0 AXIS_MOVE=-0.540,0.752 pausemode=0 lvupdate240=2 lvIsPaused=0
[08:19.84] BMOVE: allowc1x=1 allowc1y=1 allowc1buttons=1 actionPlayer=0 AXIS_MOVE=0.779,0.508 pausemode=0 lvupdate240=2 lvIsPaused=0
[08:21.04] BMOVE: allowc1x=1 allowc1y=1 allowc1buttons=1 actionPlayer=0 AXIS_MOVE=0.849,0.210 pausemode=0 lvupdate240=2 lvIsPaused=0
[08:22.23] JUMP: impulse=8.2 grounded=1 gap=-0.10 manground=297.66 ground=297.76 bdeltaY=0.00 onladder=0 isfalling=0 inlift=0
[08:22.23] JUMP: APPLIED impulse=8.2 newManground=300.76 newPosY=448.14
[08:22.24] BMOVE: allowc1x=1 allowc1y=1 allowc1buttons=1 actionPlayer=0 AXIS_MOVE=-0.049,0.977 pausemode=0 lvupdate240=2 lvIsPaused=0
[08:23.44] BMOVE: allowc1x=1 allowc1y=1 allowc1buttons=1 actionPlayer=0 AXIS_MOVE=0.000,-0.000 pausemode=0 lvupdate240=2 lvIsPaused=0
[08:24.64] BMOVE: allowc1x=1 allowc1y=1 allowc1buttons=1 actionPlayer=0 AXIS_MOVE=0.274,0.908 pausemode=0 lvupdate240=2 lvIsPaused=0
[08:24.77] JUMP: impulse=8.2 grounded=1 gap=-0.00 manground=298.00 ground=298.00 bdeltaY=0.00 onladder=0 isfalling=0 inlift=0
[08:24.77] JUMP: APPLIED impulse=8.2 newManground=301.00 newPosY=446.92
[08:25.84] BMOVE: allowc1x=1 allowc1y=1 allowc1buttons=1 actionPlayer=0 AXIS_MOVE=0.338,0.881 pausemode=0 lvupdate240=2 lvIsPaused=0
[08:25.97] JUMP: impulse=8.2 grounded=1 gap=0.00 manground=298.00 ground=298.00 bdeltaY=0.00 onladder=0 isfalling=0 inlift=0
[08:25.97] JUMP: APPLIED impulse=8.2 newManground=301.00 newPosY=447.63
[08:27.04] BMOVE: allowc1x=1 allowc1y=1 allowc1buttons=1 actionPlayer=0 AXIS_MOVE=-0.035,0.977 pausemode=0 lvupdate240=2 lvIsPaused=0
[08:27.10] JUMP: impulse=8.2 grounded=1 gap=0.00 manground=298.00 ground=298.00 bdeltaY=0.00 onladder=0 isfalling=0 inlift=0
[08:27.10] JUMP: APPLIED impulse=8.2 newManground=301.00 newPosY=448.40
[08:28.24] BMOVE: allowc1x=1 allowc1y=1 allowc1buttons=1 actionPlayer=0 AXIS_MOVE=0.517,0.770 pausemode=0 lvupdate240=2 lvIsPaused=0
[08:29.44] BMOVE: allowc1x=1 allowc1y=1 allowc1buttons=1 actionPlayer=0 AXIS_MOVE=-0.853,0.389 pausemode=0 lvupdate240=2 lvIsPaused=0
[08:30.40] JUMP: impulse=8.2 grounded=1 gap=-0.07 manground=296.93 ground=297.00 bdeltaY=0.00 onladder=0 isfalling=0 inlift=0
[08:30.40] JUMP: APPLIED impulse=8.2 newManground=300.00 newPosY=446.93
[08:30.64] BMOVE: allowc1x=1 allowc1y=1 allowc1buttons=1 actionPlayer=0 AXIS_MOVE=0.154,0.949 pausemode=0 lvupdate240=2 lvIsPaused=0
[08:31.76] JUMP_COLLIDED: upward move blocked! manground=45.8 ground=-2.5 vel=-14.44 -> setting vel=0 isfalling=1
[08:31.77] NET.HEARTBEAT: frame=1800 (~30s) chrs=0 stage=0x31 last_chr_idx=-1
[08:31.77] NET.WATCHDOG: cl[0] "MikeHazeJr" clstate=4 rtt=26ms since_rx=231ms enet_state=5
[08:31.77] NET.HEARTBEAT: mode=2 gamemode=0 clients=1/32 connected=1 nettick=6073
[08:31.77] NET.HEARTBEAT: sent=115kB/2065pkts recv=5kB/412pkts
[08:31.78] NET.HEARTBEAT: frame=1800 (~30s) chrs=0 stage=0x31 last_chr_idx=-1
[08:31.78] NET.WATCHDOG: cl[0] "MikeHazeJr" clstate=4 rtt=26ms since_rx=251ms enet_state=5
[08:31.78] NET.HEARTBEAT: mode=2 gamemode=0 clients=1/32 connected=1 nettick=6074
[08:31.78] NET.HEARTBEAT: sent=115kB/2068pkts recv=5kB/413pkts
[08:31.84] BMOVE: allowc1x=1 allowc1y=1 allowc1buttons=1 actionPlayer=0 AXIS_MOVE=0.000,-0.000 pausemode=0 lvupdate240=2 lvIsPaused=0
[08:33.04] BMOVE: allowc1x=1 allowc1y=1 allowc1buttons=1 actionPlayer=0 AXIS_MOVE=0.000,-0.000 pausemode=0 lvupdate240=2 lvIsPaused=0
[08:33.36] JUMP: impulse=8.2 grounded=1 gap=0.00 manground=40.77 ground=40.77 bdeltaY=0.00 onladder=0 isfalling=0 inlift=0
[08:33.36] JUMP: APPLIED impulse=8.2 newManground=43.77 newPosY=200.34
[08:34.24] BMOVE: allowc1x=1 allowc1y=1 allowc1buttons=1 actionPlayer=0 AXIS_MOVE=0.000,-0.000 pausemode=0 lvupdate240=2 lvIsPaused=0
[08:35.44] BMOVE: allowc1x=1 allowc1y=1 allowc1buttons=1 actionPlayer=0 AXIS_MOVE=0.000,-0.000 pausemode=0 lvupdate240=2 lvIsPaused=0
[08:36.59] JUMP: impulse=8.2 grounded=1 gap=-0.00 manground=297.00 ground=297.00 bdeltaY=0.01 onladder=0 isfalling=0 inlift=0
[08:36.59] JUMP: APPLIED impulse=8.2 newManground=300.00 newPosY=455.28
[08:36.64] BMOVE: allowc1x=1 allowc1y=1 allowc1buttons=1 actionPlayer=0 AXIS_MOVE=0.366,-0.867 pausemode=0 lvupdate240=2 lvIsPaused=0
[08:36.72] JUMP_BLOCKED: bwalkTryMoveUpwards(2.99) HIT bg/world geometry playerpos=(2968.2,507.4,-8354.7) radius=30.0 ymax=527.2 ymin=385.1
[08:36.72] JUMP_COLLIDED: upward move blocked! manground=355.2 ground=-30000.0 vel=6.05 -> setting vel=0 isfalling=1
[08:37.44] JUMP_COLLIDED: upward move blocked! manground=101.4 ground=-272.0 vel=-11.88 -> setting vel=0 isfalling=1
[08:37.54] JUMP_COLLIDED: upward move blocked! manground=97.2 ground=-272.0 vel=-1.53 -> setting vel=0 isfalling=1
[08:37.59] JUMP_COLLIDED: upward move blocked! manground=96.3 ground=-272.0 vel=-0.69 -> setting vel=0 isfalling=1
[08:37.63] JUMP_COLLIDED: upward move blocked! manground=95.9 ground=-272.0 vel=-0.49 -> setting vel=0 isfalling=1
[08:37.68] JUMP_COLLIDED: upward move blocked! manground=95.2 ground=-272.0 vel=-0.62 -> setting vel=0 isfalling=1
[08:37.71] JUMP_COLLIDED: upward move blocked! manground=95.0 ground=-272.0 vel=-0.28 -> setting vel=0 isfalling=1
[08:37.75] JUMP_COLLIDED: upward move blocked! manground=94.6 ground=-272.0 vel=-0.49 -> setting vel=0 isfalling=1
[08:37.77] JUMP_COLLIDED: upward move blocked! manground=94.5 ground=-272.0 vel=-0.21 -> setting vel=0 isfalling=1
[08:37.80] JUMP_COLLIDED: upward move blocked! manground=94.3 ground=-272.0 vel=-0.35 -> setting vel=0 isfalling=1
[08:37.82] JUMP_COLLIDED: upward move blocked! manground=94.2 ground=-272.0 vel=-0.21 -> setting vel=0 isfalling=1
[08:37.84] BMOVE: allowc1x=1 allowc1y=1 allowc1buttons=1 actionPlayer=0 AXIS_MOVE=0.000,-0.000 pausemode=0 lvupdate240=2 lvIsPaused=0
[08:37.84] JUMP_COLLIDED: upward move blocked! manground=94.2 ground=-272.0 vel=-0.21 -> setting vel=0 isfalling=1
[08:37.86] JUMP_COLLIDED: upward move blocked! manground=94.1 ground=-272.0 vel=-0.14 -> setting vel=0 isfalling=1
[08:37.88] JUMP_COLLIDED: upward move blocked! manground=94.1 ground=-272.0 vel=-0.14 -> setting vel=0 isfalling=1
[08:38.60] JUMP: impulse=8.2 grounded=1 gap=0.00 manground=94.10 ground=94.10 bdeltaY=0.00 onladder=0 isfalling=0 inlift=0
[08:38.60] JUMP: APPLIED impulse=8.2 newManground=97.10 newPosY=246.79
[08:38.60] JUMP_BLOCKED: bwalkTryMoveUpwards(4.07) HIT bg/world geometry playerpos=(2948.1,246.8,-8281.0) radius=30.0 ymax=269.1 ymin=127.0
[08:38.60] JUMP_COLLIDED: upward move blocked! manground=97.1 ground=-1.7 vel=8.20 -> setting vel=0 isfalling=0
[08:39.04] BMOVE: allowc1x=1 allowc1y=1 allowc1buttons=1 actionPlayer=0 AXIS_MOVE=-1.000,-0.000 pausemode=0 lvupdate240=2 lvIsPaused=0
[08:39.62] JUMP: impulse=8.2 grounded=1 gap=0.00 manground=97.10 ground=97.10 bdeltaY=0.00 onladder=0 isfalling=0 inlift=0
[08:39.62] JUMP: APPLIED impulse=8.2 newManground=100.10 newPosY=250.15
[08:39.72] JUMP_BLOCKED: bwalkTryMoveUpwards(3.23) HIT bg/world geometry playerpos=(2947.1,296.1,-8281.8) radius=30.0 ymax=316.3 ymin=174.2
[08:39.72] JUMP_COLLIDED: upward move blocked! manground=144.3 ground=-30000.0 vel=6.53 -> setting vel=0 isfalling=1
[08:40.16] JUMP_COLLIDED: upward move blocked! manground=105.3 ground=-272.0 vel=-4.65 -> setting vel=0 isfalling=1
[08:40.24] BMOVE: allowc1x=1 allowc1y=1 allowc1buttons=1 actionPlayer=0 AXIS_MOVE=0.000,-0.000 pausemode=0 lvupdate240=2 lvIsPaused=0
[08:40.51] JUMP_COLLIDED: upward move blocked! manground=48.4 ground=-272.0 vel=-5.62 -> setting vel=0 isfalling=1
[08:40.56] JUMP_COLLIDED: upward move blocked! manground=47.7 ground=-272.0 vel=-0.62 -> setting vel=0 isfalling=1
[08:40.58] JUMP_COLLIDED: upward move blocked! manground=47.6 ground=-272.0 vel=-0.14 -> setting vel=0 isfalling=1
[08:40.61] JUMP_COLLIDED: upward move blocked! manground=47.5 ground=-272.0 vel=-0.28 -> setting vel=0 isfalling=1
[08:40.64] JUMP_COLLIDED: upward move blocked! manground=47.3 ground=-272.0 vel=-0.35 -> setting vel=0 isfalling=1
[08:40.67] JUMP_COLLIDED: upward move blocked! manground=47.1 ground=-272.0 vel=-0.35 -> setting vel=0 isfalling=1
[08:40.69] JUMP_COLLIDED: upward move blocked! manground=47.0 ground=-272.0 vel=-0.21 -> setting vel=0 isfalling=1
[08:40.71] JUMP_COLLIDED: upward move blocked! manground=47.0 ground=-272.0 vel=-0.14 -> setting vel=0 isfalling=1
[08:40.73] JUMP_COLLIDED: upward move blocked! manground=46.9 ground=-272.0 vel=-0.14 -> setting vel=0 isfalling=1
[08:40.76] JUMP_COLLIDED: upward move blocked! manground=46.8 ground=-272.0 vel=-0.28 -> setting vel=0 isfalling=1
[08:40.78] JUMP_COLLIDED: upward move blocked! manground=46.7 ground=-272.0 vel=-0.14 -> setting vel=0 isfalling=1
[08:40.81] JUMP_COLLIDED: upward move blocked! manground=46.6 ground=-272.0 vel=-0.28 -> setting vel=0 isfalling=1
[08:41.19] JUMP: impulse=8.2 grounded=1 gap=0.00 manground=46.57 ground=46.57 bdeltaY=0.00 onladder=0 isfalling=0 inlift=0
[08:41.19] JUMP: APPLIED impulse=8.2 newManground=49.57 newPosY=207.60
[08:41.44] BMOVE: allowc1x=1 allowc1y=1 allowc1buttons=1 actionPlayer=0 AXIS_MOVE=-0.513,0.770 pausemode=0 lvupdate240=2 lvIsPaused=0
[08:41.45] JUMP_BLOCKED: bwalkTryMoveUpwards(1.91) HIT bg/world geometry playerpos=(2987.3,294.3,-8266.0) radius=30.0 ymax=315.3 ymin=173.2
[08:41.45] JUMP_COLLIDED: upward move blocked! manground=143.3 ground=-272.0 vel=3.89 -> setting vel=0 isfalling=1
[08:41.88] JUMP_COLLIDED: upward move blocked! manground=54.8 ground=-272.0 vel=-7.01 -> setting vel=0 isfalling=1
[08:41.92] JUMP_COLLIDED: upward move blocked! manground=54.3 ground=-272.0 vel=-0.49 -> setting vel=0 isfalling=1
[08:42.18] JUMP_COLLIDED: upward move blocked! manground=54.1 ground=-272.0 vel=-0.35 -> setting vel=0 isfalling=1
[08:42.24] JUMP_COLLIDED: upward move blocked! manground=52.9 ground=-272.0 vel=-0.83 -> setting vel=0 isfalling=1
[08:42.27] JUMP: impulse=8.2 grounded=0 gap=324.64 manground=52.64 ground=-272.00 bdeltaY=-0.35 onladder=0 isfalling=1 inlift=0
[08:42.27] JUMP: BLOCKED impulse=8.2 grounded=0 gap=324.64 vel=-0.35
[08:42.28] JUMP_COLLIDED: upward move blocked! manground=52.4 ground=-272.0 vel=-0.49 -> setting vel=0 isfalling=1
[08:42.29] JUMP_COLLIDED: upward move blocked! manground=52.4 ground=-272.0 vel=0.00 -> setting vel=0 isfalling=0
[08:42.64] BMOVE: allowc1x=1 allowc1y=1 allowc1buttons=1 actionPlayer=0 AXIS_MOVE=0.000,-1.000 pausemode=0 lvupdate240=2 lvIsPaused=0
[08:42.76] JUMP: impulse=8.2 grounded=1 gap=0.00 manground=52.44 ground=52.44 bdeltaY=0.00 onladder=0 isfalling=0 inlift=0
[08:42.76] JUMP: APPLIED impulse=8.2 newManground=55.44 newPosY=205.36
[08:43.00] JUMP_BLOCKED: bwalkTryMoveUpwards(2.05) HIT bg/world geometry playerpos=(2995.1,294.4,-8268.0) radius=30.0 ymax=317.1 ymin=175.0
[08:43.00] JUMP_COLLIDED: upward move blocked! manground=145.1 ground=-272.0 vel=4.17 -> setting vel=0 isfalling=1
[08:43.46] JUMP_COLLIDED: upward move blocked! manground=43.9 ground=-2.1 vel=-7.50 -> setting vel=0 isfalling=1
[08:43.84] BMOVE: allowc1x=1 allowc1y=1 allowc1buttons=1 actionPlayer=0 AXIS_MOVE=0.000,-0.000 pausemode=0 lvupdate240=2 lvIsPaused=0
[08:45.04] BMOVE: allowc1x=1 allowc1y=1 allowc1buttons=1 actionPlayer=0 AXIS_MOVE=0.412,0.839 pausemode=0 lvupdate240=2 lvIsPaused=0
[08:45.40] JUMP: impulse=8.2 grounded=1 gap=0.00 manground=-2.93 ground=-2.93 bdeltaY=0.00 onladder=0 isfalling=0 inlift=0
[08:45.40] JUMP: APPLIED impulse=8.2 newManground=0.07 newPosY=153.75
[08:46.24] BMOVE: allowc1x=1 allowc1y=1 allowc1buttons=1 actionPlayer=0 AXIS_MOVE=0.000,-0.000 pausemode=0 lvupdate240=2 lvIsPaused=0
[08:46.26] JUMP_COLLIDED: upward move blocked! manground=54.0 ground=-272.0 vel=-6.11 -> setting vel=0 isfalling=1
[08:46.34] JUMP_COLLIDED: upward move blocked! manground=51.5 ground=-272.0 vel=-1.18 -> setting vel=0 isfalling=1
[08:46.40] JUMP_COLLIDED: upward move blocked! manground=50.2 ground=-272.0 vel=-0.83 -> setting vel=0 isfalling=1
[08:46.45] JUMP_COLLIDED: upward move blocked! manground=49.4 ground=-272.0 vel=-0.69 -> setting vel=0 isfalling=1
[08:46.48] JUMP_COLLIDED: upward move blocked! manground=49.2 ground=-272.0 vel=-0.35 -> setting vel=0 isfalling=1
[08:46.53] JUMP_COLLIDED: upward move blocked! manground=48.5 ground=-272.0 vel=-0.62 -> setting vel=0 isfalling=1
[08:46.56] JUMP_COLLIDED: upward move blocked! manground=48.3 ground=-272.0 vel=-0.28 -> setting vel=0 isfalling=1
[08:46.81] JUMP_COLLIDED: upward move blocked! manground=48.0 ground=-272.0 vel=-0.28 -> setting vel=0 isfalling=1
[08:46.84] JUMP_COLLIDED: upward move blocked! manground=47.7 ground=-272.0 vel=-0.35 -> setting vel=0 isfalling=1
[08:46.87] JUMP_COLLIDED: upward move blocked! manground=47.5 ground=-272.0 vel=-0.35 -> setting vel=0 isfalling=1
[08:46.90] JUMP_COLLIDED: upward move blocked! manground=47.3 ground=-272.0 vel=-0.35 -> setting vel=0 isfalling=1
[08:46.92] JUMP_COLLIDED: upward move blocked! manground=47.2 ground=-272.0 vel=-0.21 -> setting vel=0 isfalling=1
[08:46.94] JUMP_COLLIDED: upward move blocked! manground=47.2 ground=-272.0 vel=-0.21 -> setting vel=0 isfalling=1
[08:46.96] JUMP_COLLIDED: upward move blocked! manground=47.1 ground=-272.0 vel=-0.14 -> setting vel=0 isfalling=1
[08:46.99] JUMP_COLLIDED: upward move blocked! manground=46.9 ground=-272.0 vel=-0.35 -> setting vel=0 isfalling=1
[08:47.01] JUMP_COLLIDED: upward move blocked! manground=46.9 ground=-272.0 vel=-0.14 -> setting vel=0 isfalling=1
[08:47.03] JUMP_COLLIDED: upward move blocked! manground=46.8 ground=-272.0 vel=-0.21 -> setting vel=0 isfalling=1
[08:47.06] JUMP_COLLIDED: upward move blocked! manground=46.6 ground=-272.0 vel=-0.28 -> setting vel=0 isfalling=1
[08:47.08] JUMP_COLLIDED: upward move blocked! manground=46.6 ground=-272.0 vel=-0.14 -> setting vel=0 isfalling=1
[08:47.09] JUMP_COLLIDED: upward move blocked! manground=46.6 ground=-272.0 vel=0.00 -> setting vel=0 isfalling=0
[08:47.11] JUMP: impulse=8.2 grounded=0 gap=318.58 manground=46.58 ground=-272.00 bdeltaY=-0.14 onladder=0 isfalling=1 inlift=0
[08:47.11] JUMP: BLOCKED impulse=8.2 grounded=0 gap=318.58 vel=-0.14
[08:47.11] JUMP_COLLIDED: upward move blocked! manground=46.6 ground=-272.0 vel=-0.14 -> setting vel=0 isfalling=1
[08:47.44] BMOVE: allowc1x=1 allowc1y=1 allowc1buttons=1 actionPlayer=0 AXIS_MOVE=0.968,-0.085 pausemode=0 lvupdate240=2 lvIsPaused=0
[08:48.64] BMOVE: allowc1x=1 allowc1y=1 allowc1buttons=1 actionPlayer=0 AXIS_MOVE=-0.154,-0.949 pausemode=0 lvupdate240=2 lvIsPaused=0
[08:48.67] JUMP: impulse=8.2 grounded=1 gap=0.00 manground=46.58 ground=46.58 bdeltaY=0.00 onladder=0 isfalling=0 inlift=0
[08:48.67] JUMP: APPLIED impulse=8.2 newManground=49.58 newPosY=194.98
[08:48.67] JUMP_BLOCKED: bwalkTryMoveUpwards(4.07) HIT bg/world geometry playerpos=(2984.0,195.0,-8271.4) radius=30.0 ymax=221.6 ymin=79.5
[08:48.67] JUMP_COLLIDED: upward move blocked! manground=49.6 ground=-2.0 vel=8.20 -> setting vel=0 isfalling=0
[08:49.05] JUMP: impulse=8.2 grounded=1 gap=0.00 manground=49.58 ground=49.58 bdeltaY=0.00 onladder=0 isfalling=0 inlift=0
[08:49.05] JUMP: APPLIED impulse=8.2 newManground=52.58 newPosY=201.51
[08:49.30] JUMP_BLOCKED: bwalkTryMoveUpwards(1.98) HIT bg/world geometry playerpos=(2982.0,296.1,-8271.7) radius=30.0 ymax=316.3 ymin=174.2
[08:49.30] JUMP_COLLIDED: upward move blocked! manground=144.3 ground=-30000.0 vel=4.03 -> setting vel=0 isfalling=1
[08:49.34] JUMP_BLOCKED: bwalkTryMoveUpwards(102.67) HIT bg/world geometry playerpos=(2982.0,297.2,-8271.7) radius=30.0 ymax=316.3 ymin=174.2
[08:49.35] JUMP_BLOCKED: bwalkTryMoveUpwards(102.67) HIT bg/world geometry playerpos=(2982.0,307.0,-8271.7) radius=30.0 ymax=316.3 ymin=174.2
[08:49.36] JUMP_BLOCKED: bwalkTryMoveUpwards(102.67) HIT bg/world geometry playerpos=(2982.0,307.0,-8271.7) radius=30.0 ymax=316.3 ymin=174.2
[08:49.37] JUMP_BLOCKED: bwalkTryMoveUpwards(102.67) HIT bg/world geometry playerpos=(2982.0,307.0,-8271.7) radius=30.0 ymax=316.3 ymin=174.2
[08:49.38] JUMP_BLOCKED: bwalkTryMoveUpwards(102.67) HIT bg/world geometry playerpos=(2982.0,307.0,-8271.7) radius=30.0 ymax=316.3 ymin=174.2
[08:49.39] JUMP_BLOCKED: bwalkTryMoveUpwards(102.67) HIT bg/world geometry playerpos=(2982.0,307.0,-8271.7) radius=30.0 ymax=316.3 ymin=174.2
[08:49.40] JUMP_BLOCKED: bwalkTryMoveUpwards(102.67) HIT bg/world geometry playerpos=(2982.0,307.0,-8271.7) radius=30.0 ymax=316.3 ymin=174.2
[08:49.41] JUMP_BLOCKED: bwalkTryMoveUpwards(102.67) HIT bg/world geometry playerpos=(2982.0,307.0,-8271.7) radius=30.0 ymax=316.3 ymin=174.2
[08:49.42] JUMP_BLOCKED: bwalkTryMoveUpwards(102.67) HIT bg/world geometry playerpos=(2982.0,307.0,-8271.7) radius=30.0 ymax=316.3 ymin=174.2
[08:49.43] JUMP_BLOCKED: bwalkTryMoveUpwards(102.67) HIT bg/world geometry playerpos=(2982.0,307.0,-8271.7) radius=30.0 ymax=316.3 ymin=174.2
[08:49.44] JUMP_BLOCKED: bwalkTryMoveUpwards(102.67) HIT bg/world geometry playerpos=(2982.0,307.0,-8271.7) radius=30.0 ymax=316.3 ymin=174.2
[08:49.45] JUMP_BLOCKED: bwalkTryMoveUpwards(102.67) HIT bg/world geometry playerpos=(2982.0,307.0,-8271.7) radius=30.0 ymax=316.3 ymin=174.2
[08:49.46] JUMP_BLOCKED: bwalkTryMoveUpwards(102.67) HIT bg/world geometry playerpos=(2982.0,307.0,-8271.7) radius=30.0 ymax=316.3 ymin=174.2
[08:49.47] JUMP_BLOCKED: bwalkTryMoveUpwards(102.67) HIT bg/world geometry playerpos=(2982.0,307.0,-8271.7) radius=30.0 ymax=316.3 ymin=174.2
[08:49.48] JUMP_BLOCKED: bwalkTryMoveUpwards(102.67) HIT bg/world geometry playerpos=(2982.0,307.0,-8271.7) radius=30.0 ymax=316.3 ymin=174.2
[08:49.49] JUMP_BLOCKED: bwalkTryMoveUpwards(102.67) HIT bg/world geometry playerpos=(2982.0,307.0,-8271.7) radius=30.0 ymax=316.3 ymin=174.2
[08:49.50] JUMP_BLOCKED: bwalkTryMoveUpwards(102.67) HIT bg/world geometry playerpos=(2982.0,307.0,-8271.7) radius=30.0 ymax=316.3 ymin=174.2
[08:49.51] JUMP_BLOCKED: bwalkTryMoveUpwards(102.67) HIT bg/world geometry playerpos=(2982.0,307.0,-8271.7) radius=30.0 ymax=316.3 ymin=174.2
[08:49.52] JUMP_BLOCKED: bwalkTryMoveUpwards(102.67) HIT bg/world geometry playerpos=(2982.0,307.0,-8271.7) radius=30.0 ymax=316.3 ymin=174.2
[08:49.53] JUMP_BLOCKED: bwalkTryMoveUpwards(102.67) HIT bg/world geometry playerpos=(2982.0,307.0,-8271.7) radius=30.0 ymax=316.3 ymin=174.2
[08:49.54] JUMP_BLOCKED: bwalkTryMoveUpwards(102.67) HIT bg/world geometry playerpos=(2982.0,307.0,-8271.7) radius=30.0 ymax=316.3 ymin=174.2
[08:49.55] JUMP_BLOCKED: bwalkTryMoveUpwards(102.67) HIT bg/world geometry playerpos=(2982.0,307.0,-8271.7) radius=30.0 ymax=316.3 ymin=174.2
[08:49.56] JUMP_BLOCKED: bwalkTryMoveUpwards(102.67) HIT bg/world geometry playerpos=(2982.0,307.0,-8271.7) radius=30.0 ymax=316.3 ymin=174.2
[08:49.57] JUMP_BLOCKED: bwalkTryMoveUpwards(102.67) HIT bg/world geometry playerpos=(2982.0,307.0,-8271.7) radius=30.0 ymax=316.3 ymin=174.2
[08:49.58] JUMP_BLOCKED: bwalkTryMoveUpwards(102.67) HIT bg/world geometry playerpos=(2982.0,307.0,-8271.7) radius=30.0 ymax=316.3 ymin=174.2
[08:49.59] JUMP_BLOCKED: bwalkTryMoveUpwards(102.67) HIT bg/world geometry playerpos=(2982.0,307.0,-8271.7) radius=30.0 ymax=316.3 ymin=174.2
[08:49.60] JUMP_BLOCKED: bwalkTryMoveUpwards(102.67) HIT bg/world geometry playerpos=(2982.0,307.0,-8271.7) radius=30.0 ymax=316.3 ymin=174.2
[08:49.61] JUMP_BLOCKED: bwalkTryMoveUpwards(102.67) HIT bg/world geometry playerpos=(2982.0,307.0,-8271.7) radius=30.0 ymax=316.3 ymin=174.2
[08:49.62] JUMP_BLOCKED: bwalkTryMoveUpwards(102.67) HIT bg/world geometry playerpos=(2982.0,307.0,-8271.7) radius=30.0 ymax=316.3 ymin=174.2
[08:49.63] JUMP_BLOCKED: bwalkTryMoveUpwards(102.67) HIT bg/world geometry playerpos=(2982.0,307.0,-8271.7) radius=30.0 ymax=316.3 ymin=174.2
[08:49.64] JUMP_BLOCKED: bwalkTryMoveUpwards(102.67) HIT bg/world geometry playerpos=(2982.0,307.0,-8271.7) radius=30.0 ymax=316.3 ymin=174.2
[08:49.65] JUMP_BLOCKED: bwalkTryMoveUpwards(102.67) HIT bg/world geometry playerpos=(2982.0,307.0,-8271.7) radius=30.0 ymax=316.3 ymin=174.2
[08:49.66] JUMP_BLOCKED: bwalkTryMoveUpwards(102.67) HIT bg/world geometry playerpos=(2982.0,307.0,-8271.7) radius=30.0 ymax=316.3 ymin=174.2
[08:49.67] JUMP_BLOCKED: bwalkTryMoveUpwards(102.67) HIT bg/world geometry playerpos=(2982.0,307.0,-8271.7) radius=30.0 ymax=316.3 ymin=174.2
[08:49.68] JUMP_BLOCKED: bwalkTryMoveUpwards(102.67) HIT bg/world geometry playerpos=(2982.0,307.0,-8271.7) radius=30.0 ymax=316.3 ymin=174.2
[08:49.69] JUMP_BLOCKED: bwalkTryMoveUpwards(102.67) HIT bg/world geometry playerpos=(2982.0,307.0,-8271.7) radius=30.0 ymax=316.3 ymin=174.2
[08:49.70] JUMP_BLOCKED: bwalkTryMoveUpwards(102.67) HIT bg/world geometry playerpos=(2982.0,307.0,-8271.7) radius=30.0 ymax=316.3 ymin=174.2
[08:49.71] JUMP_BLOCKED: bwalkTryMoveUpwards(102.67) HIT bg/world geometry playerpos=(2982.0,307.0,-8271.7) radius=30.0 ymax=316.3 ymin=174.2
[08:49.72] JUMP_BLOCKED: bwalkTryMoveUpwards(102.67) HIT bg/world geometry playerpos=(2982.0,307.0,-8271.7) radius=30.0 ymax=316.3 ymin=174.2
[08:49.73] JUMP_BLOCKED: bwalkTryMoveUpwards(102.67) HIT bg/world geometry playerpos=(2982.0,307.0,-8271.7) radius=30.0 ymax=316.3 ymin=174.2
[08:49.74] JUMP_BLOCKED: bwalkTryMoveUpwards(102.67) HIT bg/world geometry playerpos=(2982.0,307.0,-8271.7) radius=30.0 ymax=316.3 ymin=174.2
[08:49.75] JUMP_BLOCKED: bwalkTryMoveUpwards(102.67) HIT bg/world geometry playerpos=(2982.0,307.0,-8271.7) radius=30.0 ymax=316.3 ymin=174.2
[08:49.76] JUMP_BLOCKED: bwalkTryMoveUpwards(102.67) HIT bg/world geometry playerpos=(2982.0,307.0,-8271.7) radius=30.0 ymax=316.3 ymin=174.2
[08:49.77] JUMP_BLOCKED: bwalkTryMoveUpwards(102.67) HIT bg/world geometry playerpos=(2982.0,307.0,-8271.7) radius=30.0 ymax=316.3 ymin=174.2
[08:49.78] JUMP_BLOCKED: bwalkTryMoveUpwards(102.67) HIT bg/world geometry playerpos=(2982.0,307.0,-8271.7) radius=30.0 ymax=316.3 ymin=174.2
[08:49.79] JUMP_BLOCKED: bwalkTryMoveUpwards(102.67) HIT bg/world geometry playerpos=(2982.0,307.0,-8271.7) radius=30.0 ymax=316.3 ymin=174.2
[08:49.80] JUMP_BLOCKED: bwalkTryMoveUpwards(102.67) HIT bg/world geometry playerpos=(2982.0,307.0,-8271.7) radius=30.0 ymax=316.3 ymin=174.2
[08:49.81] JUMP_BLOCKED: bwalkTryMoveUpwards(102.67) HIT bg/world geometry playerpos=(2982.0,307.0,-8271.7) radius=30.0 ymax=316.3 ymin=174.2
[08:49.82] JUMP_BLOCKED: bwalkTryMoveUpwards(102.67) HIT bg/world geometry playerpos=(2982.0,307.0,-8271.7) radius=30.0 ymax=316.3 ymin=174.2
[08:49.83] JUMP_BLOCKED: bwalkTryMoveUpwards(102.67) HIT bg/world geometry playerpos=(2982.0,307.0,-8271.7) radius=30.0 ymax=316.3 ymin=174.2
[08:49.84] BMOVE: allowc1x=1 allowc1y=1 allowc1buttons=1 actionPlayer=0 AXIS_MOVE=-0.954,0.141 pausemode=0 lvupdate240=2 lvIsPaused=0
[08:49.84] JUMP_BLOCKED: bwalkTryMoveUpwards(102.67) HIT bg/world geometry playerpos=(2982.0,307.0,-8271.7) radius=30.0 ymax=316.3 ymin=174.2
[08:49.85] JUMP_BLOCKED: bwalkTryMoveUpwards(102.67) HIT bg/world geometry playerpos=(2982.0,307.0,-8271.7) radius=30.0 ymax=316.3 ymin=174.2
[08:49.86] JUMP_BLOCKED: bwalkTryMoveUpwards(102.67) HIT bg/world geometry playerpos=(2982.0,307.0,-8271.7) radius=30.0 ymax=316.3 ymin=174.2
[08:49.87] JUMP_BLOCKED: bwalkTryMoveUpwards(102.67) HIT bg/world geometry playerpos=(2982.0,307.0,-8271.7) radius=30.0 ymax=316.3 ymin=174.2
[08:49.88] JUMP_BLOCKED: bwalkTryMoveUpwards(102.67) HIT bg/world geometry playerpos=(2982.0,307.0,-8271.7) radius=30.0 ymax=316.3 ymin=174.2
[08:49.89] JUMP_BLOCKED: bwalkTryMoveUpwards(102.67) HIT bg/world geometry playerpos=(2982.0,307.0,-8271.7) radius=30.0 ymax=316.3 ymin=174.2
[08:49.90] JUMP_BLOCKED: bwalkTryMoveUpwards(102.67) HIT bg/world geometry playerpos=(2982.0,307.0,-8271.7) radius=30.0 ymax=316.3 ymin=174.2
[08:49.92] JUMP_BLOCKED: bwalkTryMoveUpwards(102.67) HIT bg/world geometry playerpos=(2982.0,307.0,-8271.7) radius=30.0 ymax=316.3 ymin=174.2
[08:49.92] JUMP_BLOCKED: bwalkTryMoveUpwards(102.67) HIT bg/world geometry playerpos=(2982.0,307.0,-8271.7) radius=30.0 ymax=316.3 ymin=174.2
[08:49.93] JUMP_BLOCKED: bwalkTryMoveUpwards(102.67) HIT bg/world geometry playerpos=(2982.0,307.0,-8271.7) radius=30.0 ymax=316.3 ymin=174.2
[08:49.94] JUMP_BLOCKED: bwalkTryMoveUpwards(102.67) HIT bg/world geometry playerpos=(2982.0,307.0,-8271.7) radius=30.0 ymax=316.3 ymin=174.2
[08:49.95] JUMP_BLOCKED: bwalkTryMoveUpwards(102.67) HIT bg/world geometry playerpos=(2982.0,307.0,-8271.7) radius=30.0 ymax=316.3 ymin=174.2
[08:49.96] JUMP_BLOCKED: bwalkTryMoveUpwards(102.67) HIT bg/world geometry playerpos=(2982.0,307.0,-8271.7) radius=30.0 ymax=316.3 ymin=174.2
[08:49.97] JUMP_BLOCKED: bwalkTryMoveUpwards(102.67) HIT bg/world geometry playerpos=(2982.0,307.0,-8271.7) radius=30.0 ymax=316.3 ymin=174.2
[08:49.98] JUMP_BLOCKED: bwalkTryMoveUpwards(102.67) HIT bg/world geometry playerpos=(2982.0,307.0,-8271.7) radius=30.0 ymax=316.3 ymin=174.2
[08:49.99] JUMP_BLOCKED: bwalkTryMoveUpwards(102.67) HIT bg/world geometry playerpos=(2982.0,307.0,-8271.7) radius=30.0 ymax=316.3 ymin=174.2
[08:50.00] JUMP_BLOCKED: bwalkTryMoveUpwards(102.67) HIT bg/world geometry playerpos=(2982.0,307.0,-8271.7) radius=30.0 ymax=316.3 ymin=174.2
[08:50.01] JUMP_BLOCKED: bwalkTryMoveUpwards(102.67) HIT bg/world geometry playerpos=(2982.0,307.0,-8271.7) radius=30.0 ymax=316.3 ymin=174.2
[08:50.02] JUMP_BLOCKED: bwalkTryMoveUpwards(102.67) HIT bg/world geometry playerpos=(2982.0,307.0,-8271.7) radius=30.0 ymax=316.3 ymin=174.2
[08:50.03] JUMP_BLOCKED: bwalkTryMoveUpwards(102.67) HIT bg/world geometry playerpos=(2982.0,307.0,-8271.7) radius=30.0 ymax=316.3 ymin=174.2
[08:50.04] JUMP_BLOCKED: bwalkTryMoveUpwards(102.67) HIT bg/world geometry playerpos=(2982.0,307.0,-8271.7) radius=30.0 ymax=316.3 ymin=174.2
[08:50.05] JUMP_BLOCKED: bwalkTryMoveUpwards(102.67) HIT bg/world geometry playerpos=(2982.0,307.0,-8271.7) radius=30.0 ymax=316.3 ymin=174.2
[08:50.06] JUMP_BLOCKED: bwalkTryMoveUpwards(102.67) HIT bg/world geometry playerpos=(2982.0,307.0,-8271.7) radius=30.0 ymax=316.3 ymin=174.2
[08:50.07] JUMP_BLOCKED: bwalkTryMoveUpwards(102.67) HIT bg/world geometry playerpos=(2982.0,307.0,-8271.7) radius=30.0 ymax=316.3 ymin=174.2
[08:50.08] JUMP_BLOCKED: bwalkTryMoveUpwards(102.67) HIT bg/world geometry playerpos=(2982.0,307.0,-8271.7) radius=30.0 ymax=316.3 ymin=174.2
[08:50.09] JUMP_BLOCKED: bwalkTryMoveUpwards(102.67) HIT bg/world geometry playerpos=(2982.0,307.0,-8271.7) radius=30.0 ymax=316.3 ymin=174.2
[08:50.10] JUMP_BLOCKED: bwalkTryMoveUpwards(102.67) HIT bg/world geometry playerpos=(2982.0,307.0,-8271.7) radius=30.0 ymax=316.3 ymin=174.2
[08:50.11] JUMP_BLOCKED: bwalkTryMoveUpwards(102.67) HIT bg/world geometry playerpos=(2982.0,307.0,-8271.7) radius=30.0 ymax=316.3 ymin=174.2
[08:50.12] JUMP_BLOCKED: bwalkTryMoveUpwards(102.67) HIT bg/world geometry playerpos=(2982.0,307.0,-8271.7) radius=30.0 ymax=316.3 ymin=174.2
[08:50.13] JUMP_BLOCKED: bwalkTryMoveUpwards(102.67) HIT bg/world geometry playerpos=(2982.0,307.0,-8271.7) radius=30.0 ymax=316.3 ymin=174.2
[08:50.14] JUMP_BLOCKED: bwalkTryMoveUpwards(102.67) HIT bg/world geometry playerpos=(2982.0,307.0,-8271.7) radius=30.0 ymax=316.3 ymin=174.2
[08:50.15] JUMP_BLOCKED: bwalkTryMoveUpwards(102.67) HIT bg/world geometry playerpos=(2982.0,307.0,-8271.7) radius=30.0 ymax=316.3 ymin=174.2
[08:50.16] JUMP_BLOCKED: bwalkTryMoveUpwards(102.67) HIT bg/world geometry playerpos=(2982.0,307.0,-8271.7) radius=30.0 ymax=316.3 ymin=174.2
[08:50.17] JUMP_BLOCKED: bwalkTryMoveUpwards(102.67) HIT bg/world geometry playerpos=(2982.0,307.0,-8271.7) radius=30.0 ymax=316.3 ymin=174.2
[08:50.18] JUMP_BLOCKED: bwalkTryMoveUpwards(102.67) HIT bg/world geometry playerpos=(2982.0,307.0,-8271.7) radius=30.0 ymax=316.3 ymin=174.2
[08:50.19] JUMP_BLOCKED: bwalkTryMoveUpwards(102.67) HIT bg/world geometry playerpos=(2982.0,307.0,-8271.7) radius=30.0 ymax=316.3 ymin=174.2
[08:50.20] JUMP_BLOCKED: bwalkTryMoveUpwards(102.67) HIT bg/world geometry playerpos=(2982.0,307.0,-8271.7) radius=30.0 ymax=316.3 ymin=174.2
[08:50.21] JUMP_BLOCKED: bwalkTryMoveUpwards(102.67) HIT bg/world geometry playerpos=(2982.0,307.0,-8271.7) radius=30.0 ymax=316.3 ymin=174.2
[08:50.22] JUMP_BLOCKED: bwalkTryMoveUpwards(102.67) HIT bg/world geometry playerpos=(2982.0,307.0,-8271.7) radius=30.0 ymax=316.3 ymin=174.2
[08:50.23] JUMP_BLOCKED: bwalkTryMoveUpwards(102.67) HIT bg/world geometry playerpos=(2982.0,307.0,-8271.7) radius=30.0 ymax=316.3 ymin=174.2
[08:50.24] JUMP_BLOCKED: bwalkTryMoveUpwards(102.67) HIT bg/world geometry playerpos=(2982.0,307.0,-8271.7) radius=30.0 ymax=316.3 ymin=174.2
[08:50.25] JUMP_BLOCKED: bwalkTryMoveUpwards(102.67) HIT bg/world geometry playerpos=(2982.0,307.0,-8271.7) radius=30.0 ymax=316.3 ymin=174.2
[08:50.26] JUMP_BLOCKED: bwalkTryMoveUpwards(102.67) HIT bg/world geometry playerpos=(2982.0,307.0,-8271.7) radius=30.0 ymax=316.3 ymin=174.2
[08:50.27] JUMP_BLOCKED: bwalkTryMoveUpwards(102.67) HIT bg/world geometry playerpos=(2982.0,307.0,-8271.7) radius=30.0 ymax=316.3 ymin=174.2
[08:50.28] JUMP_BLOCKED: bwalkTryMoveUpwards(102.67) HIT bg/world geometry playerpos=(2982.0,307.0,-8271.7) radius=30.0 ymax=316.3 ymin=174.2
[08:50.29] JUMP_BLOCKED: bwalkTryMoveUpwards(102.67) HIT bg/world geometry playerpos=(2982.0,307.0,-8271.7) radius=30.0 ymax=316.3 ymin=174.2
[08:50.30] JUMP_BLOCKED: bwalkTryMoveUpwards(102.67) HIT bg/world geometry playerpos=(2982.0,307.0,-8271.7) radius=30.0 ymax=316.3 ymin=174.2
[08:50.31] JUMP_BLOCKED: bwalkTryMoveUpwards(102.67) HIT bg/world geometry playerpos=(2982.0,307.0,-8271.7) radius=30.0 ymax=316.3 ymin=174.2
[08:50.32] JUMP_BLOCKED: bwalkTryMoveUpwards(102.67) HIT bg/world geometry playerpos=(2982.0,307.0,-8271.7) radius=30.0 ymax=316.3 ymin=174.2
[08:50.33] JUMP_BLOCKED: bwalkTryMoveUpwards(102.67) HIT bg/world geometry playerpos=(2982.0,307.0,-8271.7) radius=30.0 ymax=316.3 ymin=174.2
[08:50.34] JUMP_BLOCKED: bwalkTryMoveUpwards(102.67) HIT bg/world geometry playerpos=(2982.0,307.0,-8271.7) radius=30.0 ymax=316.3 ymin=174.2
[08:50.35] JUMP_BLOCKED: bwalkTryMoveUpwards(102.67) HIT bg/world geometry playerpos=(2982.0,307.0,-8271.7) radius=30.0 ymax=316.3 ymin=174.2
[08:50.36] JUMP_BLOCKED: bwalkTryMoveUpwards(102.67) HIT bg/world geometry playerpos=(2982.0,307.0,-8271.7) radius=30.0 ymax=316.3 ymin=174.2
[08:50.37] JUMP_BLOCKED: bwalkTryMoveUpwards(102.67) HIT bg/world geometry playerpos=(2982.0,307.0,-8271.7) radius=30.0 ymax=316.3 ymin=174.2
[08:50.38] JUMP_BLOCKED: bwalkTryMoveUpwards(102.67) HIT bg/world geometry playerpos=(2982.0,307.0,-8271.7) radius=30.0 ymax=316.3 ymin=174.2
[08:50.39] JUMP_BLOCKED: bwalkTryMoveUpwards(102.67) HIT bg/world geometry playerpos=(2982.0,307.0,-8271.7) radius=30.0 ymax=316.3 ymin=174.2
[08:50.40] JUMP_BLOCKED: bwalkTryMoveUpwards(102.67) HIT bg/world geometry playerpos=(2982.0,307.0,-8271.7) radius=30.0 ymax=316.3 ymin=174.2
[08:50.41] JUMP_BLOCKED: bwalkTryMoveUpwards(102.67) HIT bg/world geometry playerpos=(2982.0,307.0,-8271.7) radius=30.0 ymax=316.3 ymin=174.2
[08:50.42] JUMP_BLOCKED: bwalkTryMoveUpwards(102.67) HIT bg/world geometry playerpos=(2982.0,307.0,-8271.7) radius=30.0 ymax=316.3 ymin=174.2
[08:50.43] JUMP_BLOCKED: bwalkTryMoveUpwards(102.67) HIT bg/world geometry playerpos=(2982.0,307.0,-8271.7) radius=30.0 ymax=316.3 ymin=174.2
[08:50.44] JUMP_BLOCKED: bwalkTryMoveUpwards(102.67) HIT bg/world geometry playerpos=(2982.0,307.0,-8271.7) radius=30.0 ymax=316.3 ymin=174.2
[08:50.45] JUMP_BLOCKED: bwalkTryMoveUpwards(102.67) HIT bg/world geometry playerpos=(2982.0,307.0,-8271.7) radius=30.0 ymax=316.3 ymin=174.2
[08:50.46] JUMP_BLOCKED: bwalkTryMoveUpwards(102.67) HIT bg/world geometry playerpos=(2982.0,307.0,-8271.7) radius=30.0 ymax=316.3 ymin=174.2
[08:50.47] JUMP_BLOCKED: bwalkTryMoveUpwards(102.67) HIT bg/world geometry playerpos=(2982.0,307.0,-8271.7) radius=30.0 ymax=316.3 ymin=174.2
[08:50.48] JUMP_BLOCKED: bwalkTryMoveUpwards(102.67) HIT bg/world geometry playerpos=(2982.0,307.0,-8271.7) radius=30.0 ymax=316.3 ymin=174.2
[08:50.49] JUMP_BLOCKED: bwalkTryMoveUpwards(102.67) HIT bg/world geometry playerpos=(2982.0,307.0,-8271.7) radius=30.0 ymax=316.3 ymin=174.2
[08:50.50] JUMP_BLOCKED: bwalkTryMoveUpwards(102.67) HIT bg/world geometry playerpos=(2982.0,307.0,-8271.7) radius=30.0 ymax=316.3 ymin=174.2
[08:50.51] JUMP_BLOCKED: bwalkTryMoveUpwards(102.67) HIT bg/world geometry playerpos=(2982.0,307.0,-8271.7) radius=30.0 ymax=316.3 ymin=174.2
[08:50.52] JUMP_BLOCKED: bwalkTryMoveUpwards(102.67) HIT bg/world geometry playerpos=(2982.0,307.0,-8271.7) radius=30.0 ymax=316.3 ymin=174.2
[08:50.53] JUMP_BLOCKED: bwalkTryMoveUpwards(102.67) HIT bg/world geometry playerpos=(2982.0,307.0,-8271.7) radius=30.0 ymax=316.3 ymin=174.2
[08:50.54] JUMP_BLOCKED: bwalkTryMoveUpwards(102.67) HIT bg/world geometry playerpos=(2982.0,307.0,-8271.7) radius=30.0 ymax=316.3 ymin=174.2
[08:50.55] JUMP_BLOCKED: bwalkTryMoveUpwards(102.67) HIT bg/world geometry playerpos=(2982.0,307.0,-8271.7) radius=30.0 ymax=316.3 ymin=174.2
[08:50.56] JUMP_BLOCKED: bwalkTryMoveUpwards(102.67) HIT bg/world geometry playerpos=(2982.0,307.0,-8271.7) radius=30.0 ymax=316.3 ymin=174.2
[08:50.57] JUMP_BLOCKED: bwalkTryMoveUpwards(102.67) HIT bg/world geometry playerpos=(2982.0,307.0,-8271.7) radius=30.0 ymax=316.3 ymin=174.2
[08:50.58] JUMP_BLOCKED: bwalkTryMoveUpwards(102.67) HIT bg/world geometry playerpos=(2982.0,307.0,-8271.7) radius=30.0 ymax=316.3 ymin=174.2
[08:50.59] JUMP_BLOCKED: bwalkTryMoveUpwards(102.67) HIT bg/world geometry playerpos=(2982.0,307.0,-8271.7) radius=30.0 ymax=316.3 ymin=174.2
[08:50.60] JUMP_BLOCKED: bwalkTryMoveUpwards(102.67) HIT bg/world geometry playerpos=(2982.0,307.0,-8271.7) radius=30.0 ymax=316.3 ymin=174.2
[08:50.61] JUMP_BLOCKED: bwalkTryMoveUpwards(102.67) HIT bg/world geometry playerpos=(2982.0,307.0,-8271.7) radius=30.0 ymax=316.3 ymin=174.2
[08:50.62] JUMP_BLOCKED: bwalkTryMoveUpwards(102.67) HIT bg/world geometry playerpos=(2982.0,307.0,-8271.7) radius=30.0 ymax=316.3 ymin=174.2
[08:50.63] JUMP_BLOCKED: bwalkTryMoveUpwards(102.67) HIT bg/world geometry playerpos=(2982.0,307.0,-8271.7) radius=30.0 ymax=316.3 ymin=174.2
[08:50.64] JUMP_BLOCKED: bwalkTryMoveUpwards(102.67) HIT bg/world geometry playerpos=(2982.0,307.0,-8271.7) radius=30.0 ymax=316.3 ymin=174.2
[08:50.65] JUMP_BLOCKED: bwalkTryMoveUpwards(102.67) HIT bg/world geometry playerpos=(2982.0,307.0,-8271.7) radius=30.0 ymax=316.3 ymin=174.2
[08:50.66] JUMP_BLOCKED: bwalkTryMoveUpwards(102.67) HIT bg/world geometry playerpos=(2982.0,307.0,-8271.7) radius=30.0 ymax=316.3 ymin=174.2
[08:50.67] JUMP_BLOCKED: bwalkTryMoveUpwards(102.67) HIT bg/world geometry playerpos=(2982.0,307.0,-8271.7) radius=30.0 ymax=316.3 ymin=174.2
[08:50.68] JUMP_BLOCKED: bwalkTryMoveUpwards(102.67) HIT bg/world geometry playerpos=(2982.0,307.0,-8271.7) radius=30.0 ymax=316.3 ymin=174.2
[08:50.69] JUMP_BLOCKED: bwalkTryMoveUpwards(102.67) HIT bg/world geometry playerpos=(2982.0,307.0,-8271.7) radius=30.0 ymax=316.3 ymin=174.2
[08:50.70] JUMP_BLOCKED: bwalkTryMoveUpwards(102.67) HIT bg/world geometry playerpos=(2982.0,307.0,-8271.7) radius=30.0 ymax=316.3 ymin=174.2
[08:50.71] JUMP_BLOCKED: bwalkTryMoveUpwards(102.67) HIT bg/world geometry playerpos=(2982.0,307.0,-8271.7) radius=30.0 ymax=316.3 ymin=174.2
[08:50.72] JUMP_BLOCKED: bwalkTryMoveUpwards(102.67) HIT bg/world geometry playerpos=(2982.0,307.0,-8271.7) radius=30.0 ymax=316.3 ymin=174.2
[08:50.73] JUMP_BLOCKED: bwalkTryMoveUpwards(102.67) HIT bg/world geometry playerpos=(2982.0,307.0,-8271.7) radius=30.0 ymax=316.3 ymin=174.2
[08:50.74] JUMP_BLOCKED: bwalkTryMoveUpwards(102.67) HIT bg/world geometry playerpos=(2982.0,307.0,-8271.7) radius=30.0 ymax=316.3 ymin=174.2
[08:50.75] JUMP_BLOCKED: bwalkTryMoveUpwards(102.67) HIT bg/world geometry playerpos=(2982.0,307.0,-8271.7) radius=30.0 ymax=316.3 ymin=174.2
[08:50.76] JUMP_BLOCKED: bwalkTryMoveUpwards(102.67) HIT bg/world geometry playerpos=(2982.0,307.0,-8271.7) radius=30.0 ymax=316.3 ymin=174.2
[08:50.77] JUMP_BLOCKED: bwalkTryMoveUpwards(102.67) HIT bg/world geometry playerpos=(2982.0,307.0,-8271.7) radius=30.0 ymax=316.3 ymin=174.2
[08:50.78] JUMP_BLOCKED: bwalkTryMoveUpwards(102.67) HIT bg/world geometry playerpos=(2982.0,307.0,-8271.7) radius=30.0 ymax=316.3 ymin=174.2
[08:50.79] JUMP_BLOCKED: bwalkTryMoveUpwards(102.67) HIT bg/world geometry playerpos=(2982.0,307.0,-8271.7) radius=30.0 ymax=316.3 ymin=174.2
[08:50.80] JUMP_BLOCKED: bwalkTryMoveUpwards(102.67) HIT bg/world geometry playerpos=(2982.0,307.0,-8271.7) radius=30.0 ymax=316.3 ymin=174.2
[08:50.81] JUMP_BLOCKED: bwalkTryMoveUpwards(102.67) HIT bg/world geometry playerpos=(2982.0,307.0,-8271.7) radius=30.0 ymax=316.3 ymin=174.2
[08:50.82] JUMP_BLOCKED: bwalkTryMoveUpwards(102.67) HIT bg/world geometry playerpos=(2982.0,307.0,-8271.7) radius=30.0 ymax=316.3 ymin=174.2
[08:50.83] JUMP_BLOCKED: bwalkTryMoveUpwards(102.67) HIT bg/world geometry playerpos=(2982.0,307.0,-8271.7) radius=30.0 ymax=316.3 ymin=174.2
[08:50.84] JUMP_BLOCKED: bwalkTryMoveUpwards(102.67) HIT bg/world geometry playerpos=(2982.0,307.0,-8271.7) radius=30.0 ymax=316.3 ymin=174.2
[08:50.85] JUMP_BLOCKED: bwalkTryMoveUpwards(102.67) HIT bg/world geometry playerpos=(2982.0,307.0,-8271.7) radius=30.0 ymax=316.3 ymin=174.2
[08:50.86] JUMP_BLOCKED: bwalkTryMoveUpwards(102.67) HIT bg/world geometry playerpos=(2982.0,307.0,-8271.7) radius=30.0 ymax=316.3 ymin=174.2
[08:50.87] JUMP_BLOCKED: bwalkTryMoveUpwards(102.67) HIT bg/world geometry playerpos=(2982.0,307.0,-8271.7) radius=30.0 ymax=316.3 ymin=174.2
[08:50.88] JUMP_BLOCKED: bwalkTryMoveUpwards(102.67) HIT bg/world geometry playerpos=(2982.0,307.0,-8271.7) radius=30.0 ymax=316.3 ymin=174.2
[08:50.89] JUMP_BLOCKED: bwalkTryMoveUpwards(102.67) HIT bg/world geometry playerpos=(2982.0,307.0,-8271.7) radius=30.0 ymax=316.3 ymin=174.2
[08:50.90] JUMP_BLOCKED: bwalkTryMoveUpwards(102.67) HIT bg/world geometry playerpos=(2982.0,307.0,-8271.7) radius=30.0 ymax=316.3 ymin=174.2
[08:50.91] JUMP_BLOCKED: bwalkTryMoveUpwards(102.67) HIT bg/world geometry playerpos=(2982.0,307.0,-8271.7) radius=30.0 ymax=316.3 ymin=174.2
[08:50.92] JUMP_BLOCKED: bwalkTryMoveUpwards(102.67) HIT bg/world geometry playerpos=(2982.0,307.0,-8271.7) radius=30.0 ymax=316.3 ymin=174.2
[08:50.93] JUMP_BLOCKED: bwalkTryMoveUpwards(102.67) HIT bg/world geometry playerpos=(2982.0,307.0,-8271.7) radius=30.0 ymax=316.3 ymin=174.2
[08:50.94] JUMP_BLOCKED: bwalkTryMoveUpwards(102.67) HIT bg/world geometry playerpos=(2982.0,307.0,-8271.7) radius=30.0 ymax=316.3 ymin=174.2
[08:50.95] JUMP_BLOCKED: bwalkTryMoveUpwards(102.67) HIT bg/world geometry playerpos=(2982.0,307.0,-8271.7) radius=30.0 ymax=316.3 ymin=174.2
[08:50.96] JUMP_BLOCKED: bwalkTryMoveUpwards(102.67) HIT bg/world geometry playerpos=(2982.0,307.0,-8271.7) radius=30.0 ymax=316.3 ymin=174.2
[08:50.97] JUMP_BLOCKED: bwalkTryMoveUpwards(102.67) HIT bg/world geometry playerpos=(2982.0,307.0,-8271.7) radius=30.0 ymax=316.3 ymin=174.2
[08:50.98] JUMP_BLOCKED: bwalkTryMoveUpwards(102.67) HIT bg/world geometry playerpos=(2982.0,307.0,-8271.7) radius=30.0 ymax=316.3 ymin=174.2
[08:50.99] JUMP_BLOCKED: bwalkTryMoveUpwards(102.67) HIT bg/world geometry playerpos=(2982.0,307.0,-8271.7) radius=30.0 ymax=316.3 ymin=174.2
[08:51.00] JUMP_BLOCKED: bwalkTryMoveUpwards(102.67) HIT bg/world geometry playerpos=(2982.0,307.0,-8271.7) radius=30.0 ymax=316.3 ymin=174.2
[08:51.01] JUMP_BLOCKED: bwalkTryMoveUpwards(102.67) HIT bg/world geometry playerpos=(2982.0,307.0,-8271.7) radius=30.0 ymax=316.3 ymin=174.2
[08:51.02] JUMP_BLOCKED: bwalkTryMoveUpwards(102.67) HIT bg/world geometry playerpos=(2982.0,307.0,-8271.7) radius=30.0 ymax=316.3 ymin=174.2
[08:51.03] JUMP_BLOCKED: bwalkTryMoveUpwards(102.67) HIT bg/world geometry playerpos=(2982.0,307.0,-8271.7) radius=30.0 ymax=316.3 ymin=174.2
[08:51.04] BMOVE: allowc1x=1 allowc1y=1 allowc1buttons=1 actionPlayer=0 AXIS_MOVE=0.000,-0.000 pausemode=0 lvupdate240=2 lvIsPaused=0
[08:51.04] JUMP_BLOCKED: bwalkTryMoveUpwards(102.67) HIT bg/world geometry playerpos=(2982.0,307.0,-8271.7) radius=30.0 ymax=316.3 ymin=174.2
[08:51.05] JUMP_BLOCKED: bwalkTryMoveUpwards(102.67) HIT bg/world geometry playerpos=(2982.0,307.0,-8271.7) radius=30.0 ymax=316.3 ymin=174.2
[08:51.06] JUMP_BLOCKED: bwalkTryMoveUpwards(102.67) HIT bg/world geometry playerpos=(2982.0,307.0,-8271.7) radius=30.0 ymax=316.3 ymin=174.2
[08:51.07] JUMP_BLOCKED: bwalkTryMoveUpwards(102.67) HIT bg/world geometry playerpos=(2982.0,307.0,-8271.7) radius=30.0 ymax=316.3 ymin=174.2
[08:51.08] JUMP_BLOCKED: bwalkTryMoveUpwards(102.67) HIT bg/world geometry playerpos=(2982.0,307.0,-8271.7) radius=30.0 ymax=316.3 ymin=174.2
[08:51.09] JUMP_BLOCKED: bwalkTryMoveUpwards(102.67) HIT bg/world geometry playerpos=(2982.0,307.0,-8271.7) radius=30.0 ymax=316.3 ymin=174.2
[08:51.10] JUMP_BLOCKED: bwalkTryMoveUpwards(102.67) HIT bg/world geometry playerpos=(2982.0,307.0,-8271.7) radius=30.0 ymax=316.3 ymin=174.2
[08:51.11] JUMP_BLOCKED: bwalkTryMoveUpwards(102.67) HIT bg/world geometry playerpos=(2982.0,307.0,-8271.7) radius=30.0 ymax=316.3 ymin=174.2
[08:51.12] JUMP_BLOCKED: bwalkTryMoveUpwards(102.67) HIT bg/world geometry playerpos=(2982.0,307.0,-8271.7) radius=30.0 ymax=316.3 ymin=174.2
[08:51.13] JUMP_BLOCKED: bwalkTryMoveUpwards(102.67) HIT bg/world geometry playerpos=(2982.0,307.0,-8271.7) radius=30.0 ymax=316.3 ymin=174.2
[08:51.14] JUMP_BLOCKED: bwalkTryMoveUpwards(102.67) HIT bg/world geometry playerpos=(2982.0,307.0,-8271.7) radius=30.0 ymax=316.3 ymin=174.2
[08:51.15] JUMP_BLOCKED: bwalkTryMoveUpwards(102.67) HIT bg/world geometry playerpos=(2982.0,307.0,-8271.7) radius=30.0 ymax=316.3 ymin=174.2
[08:51.16] JUMP_BLOCKED: bwalkTryMoveUpwards(102.67) HIT bg/world geometry playerpos=(2982.0,307.0,-8271.7) radius=30.0 ymax=316.3 ymin=174.2
[08:51.17] JUMP_BLOCKED: bwalkTryMoveUpwards(102.67) HIT bg/world geometry playerpos=(2982.0,307.0,-8271.7) radius=30.0 ymax=316.3 ymin=174.2
[08:51.18] JUMP_BLOCKED: bwalkTryMoveUpwards(102.67) HIT bg/world geometry playerpos=(2982.0,307.0,-8271.7) radius=30.0 ymax=316.3 ymin=174.2
[08:51.19] JUMP_BLOCKED: bwalkTryMoveUpwards(102.67) HIT bg/world geometry playerpos=(2982.0,307.0,-8271.7) radius=30.0 ymax=316.3 ymin=174.2
[08:51.20] JUMP_BLOCKED: bwalkTryMoveUpwards(102.67) HIT bg/world geometry playerpos=(2982.0,307.0,-8271.7) radius=30.0 ymax=316.3 ymin=174.2
[08:51.21] JUMP_BLOCKED: bwalkTryMoveUpwards(102.67) HIT bg/world geometry playerpos=(2982.0,307.0,-8271.7) radius=30.0 ymax=316.3 ymin=174.2
[08:51.22] JUMP_BLOCKED: bwalkTryMoveUpwards(102.67) HIT bg/world geometry playerpos=(2982.0,307.0,-8271.7) radius=30.0 ymax=316.3 ymin=174.2
[08:51.23] JUMP_BLOCKED: bwalkTryMoveUpwards(102.67) HIT bg/world geometry playerpos=(2982.0,307.0,-8271.7) radius=30.0 ymax=316.3 ymin=174.2
[08:51.24] JUMP_BLOCKED: bwalkTryMoveUpwards(102.67) HIT bg/world geometry playerpos=(2982.0,307.0,-8271.7) radius=30.0 ymax=316.3 ymin=174.2
[08:51.25] JUMP_BLOCKED: bwalkTryMoveUpwards(102.67) HIT bg/world geometry playerpos=(2982.0,307.0,-8271.7) radius=30.0 ymax=316.3 ymin=174.2
[08:51.26] JUMP_BLOCKED: bwalkTryMoveUpwards(102.67) HIT bg/world geometry playerpos=(2982.0,307.0,-8271.7) radius=30.0 ymax=316.3 ymin=174.2
[08:51.27] JUMP_BLOCKED: bwalkTryMoveUpwards(102.67) HIT bg/world geometry playerpos=(2982.0,307.0,-8271.7) radius=30.0 ymax=316.3 ymin=174.2
[08:51.28] JUMP_BLOCKED: bwalkTryMoveUpwards(102.67) HIT bg/world geometry playerpos=(2982.0,307.0,-8271.7) radius=30.0 ymax=316.3 ymin=174.2
[08:51.29] JUMP_BLOCKED: bwalkTryMoveUpwards(102.67) HIT bg/world geometry playerpos=(2982.0,307.0,-8271.7) radius=30.0 ymax=316.3 ymin=174.2
[08:51.30] JUMP_BLOCKED: bwalkTryMoveUpwards(102.67) HIT bg/world geometry playerpos=(2982.0,307.0,-8271.7) radius=30.0 ymax=316.3 ymin=174.2
[08:51.31] JUMP_BLOCKED: bwalkTryMoveUpwards(102.67) HIT bg/world geometry playerpos=(2982.0,307.0,-8271.7) radius=30.0 ymax=316.3 ymin=174.2
[08:51.32] JUMP_BLOCKED: bwalkTryMoveUpwards(102.67) HIT bg/world geometry playerpos=(2982.0,307.0,-8271.7) radius=30.0 ymax=316.3 ymin=174.2
[08:51.33] JUMP_BLOCKED: bwalkTryMoveUpwards(102.67) HIT bg/world geometry playerpos=(2982.0,307.0,-8271.7) radius=30.0 ymax=316.3 ymin=174.2
[08:51.34] JUMP_BLOCKED: bwalkTryMoveUpwards(102.67) HIT bg/world geometry playerpos=(2982.0,307.0,-8271.7) radius=30.0 ymax=316.3 ymin=174.2
[08:51.35] JUMP_BLOCKED: bwalkTryMoveUpwards(102.67) HIT bg/world geometry playerpos=(2982.0,307.0,-8271.7) radius=30.0 ymax=316.3 ymin=174.2
[08:51.36] JUMP_BLOCKED: bwalkTryMoveUpwards(102.67) HIT bg/world geometry playerpos=(2982.0,307.0,-8271.7) radius=30.0 ymax=316.3 ymin=174.2
[08:51.37] JUMP_BLOCKED: bwalkTryMoveUpwards(102.67) HIT bg/world geometry playerpos=(2982.0,307.0,-8271.7) radius=30.0 ymax=316.3 ymin=174.2
[08:51.38] JUMP_BLOCKED: bwalkTryMoveUpwards(102.67) HIT bg/world geometry playerpos=(2982.0,307.0,-8271.7) radius=30.0 ymax=316.3 ymin=174.2
[08:51.39] JUMP_BLOCKED: bwalkTryMoveUpwards(102.67) HIT bg/world geometry playerpos=(2982.0,307.0,-8271.7) radius=30.0 ymax=316.3 ymin=174.2
[08:51.40] JUMP_BLOCKED: bwalkTryMoveUpwards(102.67) HIT bg/world geometry playerpos=(2982.0,307.0,-8271.7) radius=30.0 ymax=316.3 ymin=174.2
[08:51.41] JUMP_BLOCKED: bwalkTryMoveUpwards(102.67) HIT bg/world geometry playerpos=(2982.0,307.0,-8271.7) radius=30.0 ymax=316.3 ymin=174.2
[08:51.42] JUMP_BLOCKED: bwalkTryMoveUpwards(102.67) HIT bg/world geometry playerpos=(2982.0,307.0,-8271.7) radius=30.0 ymax=316.3 ymin=174.2
[08:51.43] JUMP_BLOCKED: bwalkTryMoveUpwards(102.67) HIT bg/world geometry playerpos=(2982.0,307.0,-8271.7) radius=30.0 ymax=316.3 ymin=174.2
[08:51.44] JUMP_BLOCKED: bwalkTryMoveUpwards(102.67) HIT bg/world geometry playerpos=(2982.0,307.0,-8271.7) radius=30.0 ymax=316.3 ymin=174.2
[08:51.45] JUMP_BLOCKED: bwalkTryMoveUpwards(102.67) HIT bg/world geometry playerpos=(2982.0,307.0,-8271.7) radius=30.0 ymax=316.3 ymin=174.2
[08:51.46] JUMP_BLOCKED: bwalkTryMoveUpwards(102.67) HIT bg/world geometry playerpos=(2982.0,307.0,-8271.7) radius=30.0 ymax=316.3 ymin=174.2
[08:51.47] JUMP_BLOCKED: bwalkTryMoveUpwards(102.67) HIT bg/world geometry playerpos=(2982.0,307.0,-8271.7) radius=30.0 ymax=316.3 ymin=174.2
[08:51.48] JUMP_BLOCKED: bwalkTryMoveUpwards(102.67) HIT bg/world geometry playerpos=(2982.0,307.0,-8271.7) radius=30.0 ymax=316.3 ymin=174.2
[08:51.49] JUMP_BLOCKED: bwalkTryMoveUpwards(102.67) HIT bg/world geometry playerpos=(2982.0,307.0,-8271.7) radius=30.0 ymax=316.3 ymin=174.2
[08:51.50] JUMP_BLOCKED: bwalkTryMoveUpwards(102.67) HIT bg/world geometry playerpos=(2982.0,307.0,-8271.7) radius=30.0 ymax=316.3 ymin=174.2
[08:51.51] JUMP_BLOCKED: bwalkTryMoveUpwards(102.67) HIT bg/world geometry playerpos=(2982.0,307.0,-8271.7) radius=30.0 ymax=316.3 ymin=174.2
[08:51.52] JUMP_BLOCKED: bwalkTryMoveUpwards(102.67) HIT bg/world geometry playerpos=(2982.0,307.0,-8271.7) radius=30.0 ymax=316.3 ymin=174.2
[08:51.53] JUMP_BLOCKED: bwalkTryMoveUpwards(102.67) HIT bg/world geometry playerpos=(2982.0,307.0,-8271.7) radius=30.0 ymax=316.3 ymin=174.2
[08:51.54] JUMP_BLOCKED: bwalkTryMoveUpwards(102.67) HIT bg/world geometry playerpos=(2982.0,307.0,-8271.7) radius=30.0 ymax=316.3 ymin=174.2
[08:51.55] JUMP_BLOCKED: bwalkTryMoveUpwards(102.67) HIT bg/world geometry playerpos=(2982.0,307.0,-8271.7) radius=30.0 ymax=316.3 ymin=174.2
[08:51.56] JUMP_BLOCKED: bwalkTryMoveUpwards(102.67) HIT bg/world geometry playerpos=(2982.0,307.0,-8271.7) radius=30.0 ymax=316.3 ymin=174.2
[08:51.57] JUMP_BLOCKED: bwalkTryMoveUpwards(102.67) HIT bg/world geometry playerpos=(2982.0,307.0,-8271.7) radius=30.0 ymax=316.3 ymin=174.2
[08:51.58] JUMP_BLOCKED: bwalkTryMoveUpwards(102.67) HIT bg/world geometry playerpos=(2982.0,307.0,-8271.7) radius=30.0 ymax=316.3 ymin=174.2
[08:51.59] JUMP_BLOCKED: bwalkTryMoveUpwards(102.67) HIT bg/world geometry playerpos=(2982.0,307.0,-8271.7) radius=30.0 ymax=316.3 ymin=174.2
[08:51.60] JUMP_BLOCKED: bwalkTryMoveUpwards(102.67) HIT bg/world geometry playerpos=(2982.0,307.0,-8271.7) radius=30.0 ymax=316.3 ymin=174.2
[08:51.61] JUMP_BLOCKED: bwalkTryMoveUpwards(102.67) HIT bg/world geometry playerpos=(2982.0,307.0,-8271.7) radius=30.0 ymax=316.3 ymin=174.2
[08:51.62] JUMP_BLOCKED: bwalkTryMoveUpwards(102.67) HIT bg/world geometry playerpos=(2982.0,307.0,-8271.7) radius=30.0 ymax=316.3 ymin=174.2
[08:51.63] JUMP_BLOCKED: bwalkTryMoveUpwards(102.67) HIT bg/world geometry playerpos=(2982.0,307.0,-8271.7) radius=30.0 ymax=316.3 ymin=174.2
[08:51.64] JUMP_BLOCKED: bwalkTryMoveUpwards(102.67) HIT bg/world geometry playerpos=(2982.0,307.0,-8271.7) radius=30.0 ymax=316.3 ymin=174.2
[08:51.65] JUMP_BLOCKED: bwalkTryMoveUpwards(102.67) HIT bg/world geometry playerpos=(2982.0,307.0,-8271.7) radius=30.0 ymax=316.3 ymin=174.2
[08:51.66] JUMP_BLOCKED: bwalkTryMoveUpwards(102.67) HIT bg/world geometry playerpos=(2982.0,307.0,-8271.7) radius=30.0 ymax=316.3 ymin=174.2
[08:51.67] JUMP_BLOCKED: bwalkTryMoveUpwards(102.67) HIT bg/world geometry playerpos=(2982.0,307.0,-8271.7) radius=30.0 ymax=316.3 ymin=174.2
[08:51.68] JUMP_BLOCKED: bwalkTryMoveUpwards(102.67) HIT bg/world geometry playerpos=(2982.0,307.0,-8271.7) radius=30.0 ymax=316.3 ymin=174.2
[08:51.69] JUMP_BLOCKED: bwalkTryMoveUpwards(102.67) HIT bg/world geometry playerpos=(2982.0,307.0,-8271.7) radius=30.0 ymax=316.3 ymin=174.2
[08:51.70] JUMP_BLOCKED: bwalkTryMoveUpwards(102.67) HIT bg/world geometry playerpos=(2982.0,307.0,-8271.7) radius=30.0 ymax=316.3 ymin=174.2
[08:51.71] JUMP_BLOCKED: bwalkTryMoveUpwards(102.67) HIT bg/world geometry playerpos=(2982.0,307.0,-8271.7) radius=30.0 ymax=316.3 ymin=174.2
[08:51.72] JUMP_BLOCKED: bwalkTryMoveUpwards(102.67) HIT bg/world geometry playerpos=(2982.0,307.0,-8271.7) radius=30.0 ymax=316.3 ymin=174.2
[08:51.73] JUMP_BLOCKED: bwalkTryMoveUpwards(102.67) HIT bg/world geometry playerpos=(2982.0,307.0,-8271.7) radius=30.0 ymax=316.3 ymin=174.2
[08:51.74] JUMP_BLOCKED: bwalkTryMoveUpwards(102.67) HIT bg/world geometry playerpos=(2982.0,307.0,-8271.7) radius=30.0 ymax=316.3 ymin=174.2
[08:51.75] JUMP_BLOCKED: bwalkTryMoveUpwards(102.67) HIT bg/world geometry playerpos=(2982.0,307.0,-8271.7) radius=30.0 ymax=316.3 ymin=174.2
[08:51.76] JUMP_BLOCKED: bwalkTryMoveUpwards(102.67) HIT bg/world geometry playerpos=(2982.0,307.0,-8271.7) radius=30.0 ymax=316.3 ymin=174.2
[08:51.77] JUMP_BLOCKED: bwalkTryMoveUpwards(102.67) HIT bg/world geometry playerpos=(2982.0,307.0,-8271.7) radius=30.0 ymax=316.3 ymin=174.2
[08:51.78] JUMP_BLOCKED: bwalkTryMoveUpwards(102.67) HIT bg/world geometry playerpos=(2982.0,307.0,-8271.7) radius=30.0 ymax=316.3 ymin=174.2
[08:51.79] JUMP_BLOCKED: bwalkTryMoveUpwards(102.67) HIT bg/world geometry playerpos=(2982.0,307.0,-8271.7) radius=30.0 ymax=316.3 ymin=174.2
[08:51.80] JUMP_BLOCKED: bwalkTryMoveUpwards(102.67) HIT bg/world geometry playerpos=(2982.0,307.0,-8271.7) radius=30.0 ymax=316.3 ymin=174.2
[08:51.81] JUMP_BLOCKED: bwalkTryMoveUpwards(102.67) HIT bg/world geometry playerpos=(2982.0,307.0,-8271.7) radius=30.0 ymax=316.3 ymin=174.2
[08:51.82] JUMP_BLOCKED: bwalkTryMoveUpwards(102.67) HIT bg/world geometry playerpos=(2982.0,307.0,-8271.7) radius=30.0 ymax=316.3 ymin=174.2
[08:51.83] JUMP_BLOCKED: bwalkTryMoveUpwards(102.67) HIT bg/world geometry playerpos=(2982.0,307.0,-8271.7) radius=30.0 ymax=316.3 ymin=174.2
[08:51.84] JUMP_BLOCKED: bwalkTryMoveUpwards(102.67) HIT bg/world geometry playerpos=(2982.0,307.0,-8271.7) radius=30.0 ymax=316.3 ymin=174.2
[08:51.85] JUMP_BLOCKED: bwalkTryMoveUpwards(102.67) HIT bg/world geometry playerpos=(2982.0,307.0,-8271.7) radius=30.0 ymax=316.3 ymin=174.2
[08:51.86] JUMP_BLOCKED: bwalkTryMoveUpwards(102.67) HIT bg/world geometry playerpos=(2982.0,307.0,-8271.7) radius=30.0 ymax=316.3 ymin=174.2
[08:51.87] JUMP_BLOCKED: bwalkTryMoveUpwards(102.67) HIT bg/world geometry playerpos=(2982.0,307.0,-8271.7) radius=30.0 ymax=316.3 ymin=174.2
[08:51.88] JUMP_BLOCKED: bwalkTryMoveUpwards(102.67) HIT bg/world geometry playerpos=(2982.0,307.0,-8271.7) radius=30.0 ymax=316.3 ymin=174.2
[08:51.89] JUMP_BLOCKED: bwalkTryMoveUpwards(102.67) HIT bg/world geometry playerpos=(2982.0,307.0,-8271.7) radius=30.0 ymax=316.3 ymin=174.2
[08:51.90] JUMP_BLOCKED: bwalkTryMoveUpwards(102.67) HIT bg/world geometry playerpos=(2982.0,307.0,-8271.7) radius=30.0 ymax=316.3 ymin=174.2
[08:51.91] JUMP_BLOCKED: bwalkTryMoveUpwards(102.67) HIT bg/world geometry playerpos=(2982.0,307.0,-8271.7) radius=30.0 ymax=316.3 ymin=174.2
[08:51.92] JUMP_BLOCKED: bwalkTryMoveUpwards(102.67) HIT bg/world geometry playerpos=(2982.0,307.0,-8271.7) radius=30.0 ymax=316.3 ymin=174.2
[08:51.93] JUMP_BLOCKED: bwalkTryMoveUpwards(102.67) HIT bg/world geometry playerpos=(2982.0,307.0,-8271.7) radius=30.0 ymax=316.3 ymin=174.2
[08:51.94] JUMP_BLOCKED: bwalkTryMoveUpwards(102.67) HIT bg/world geometry playerpos=(2982.0,307.0,-8271.7) radius=30.0 ymax=316.3 ymin=174.2
[08:51.95] JUMP_BLOCKED: bwalkTryMoveUpwards(102.67) HIT bg/world geometry playerpos=(2982.0,307.0,-8271.7) radius=30.0 ymax=316.3 ymin=174.2
[08:51.96] JUMP_BLOCKED: bwalkTryMoveUpwards(102.67) HIT bg/world geometry playerpos=(2982.0,307.0,-8271.7) radius=30.0 ymax=316.3 ymin=174.2
[08:51.97] JUMP_BLOCKED: bwalkTryMoveUpwards(102.67) HIT bg/world geometry playerpos=(2982.0,307.0,-8271.7) radius=30.0 ymax=316.3 ymin=174.2
[08:51.98] JUMP_BLOCKED: bwalkTryMoveUpwards(102.67) HIT bg/world geometry playerpos=(2982.0,307.0,-8271.7) radius=30.0 ymax=316.3 ymin=174.2
[08:51.99] JUMP_BLOCKED: bwalkTryMoveUpwards(102.67) HIT bg/world geometry playerpos=(2982.0,307.0,-8271.7) radius=30.0 ymax=316.3 ymin=174.2
[08:52.00] JUMP_BLOCKED: bwalkTryMoveUpwards(102.67) HIT bg/world geometry playerpos=(2982.0,307.0,-8271.7) radius=30.0 ymax=316.3 ymin=174.2
[08:52.01] JUMP_BLOCKED: bwalkTryMoveUpwards(102.67) HIT bg/world geometry playerpos=(2982.0,307.0,-8271.7) radius=30.0 ymax=316.3 ymin=174.2
[08:52.02] JUMP_BLOCKED: bwalkTryMoveUpwards(102.67) HIT bg/world geometry playerpos=(2982.0,307.0,-8271.7) radius=30.0 ymax=316.3 ymin=174.2
[08:52.03] JUMP_BLOCKED: bwalkTryMoveUpwards(102.67) HIT bg/world geometry playerpos=(2982.0,307.0,-8271.7) radius=30.0 ymax=316.3 ymin=174.2
[08:52.04] JUMP_BLOCKED: bwalkTryMoveUpwards(102.67) HIT bg/world geometry playerpos=(2982.0,307.0,-8271.7) radius=30.0 ymax=316.3 ymin=174.2
[08:52.05] JUMP_BLOCKED: bwalkTryMoveUpwards(102.67) HIT bg/world geometry playerpos=(2982.0,307.0,-8271.7) radius=30.0 ymax=316.3 ymin=174.2
[08:52.06] JUMP_BLOCKED: bwalkTryMoveUpwards(102.67) HIT bg/world geometry playerpos=(2982.0,307.0,-8271.7) radius=30.0 ymax=316.3 ymin=174.2
[08:52.07] JUMP_BLOCKED: bwalkTryMoveUpwards(102.67) HIT bg/world geometry playerpos=(2982.0,307.0,-8271.7) radius=30.0 ymax=316.3 ymin=174.2
[08:52.08] JUMP_BLOCKED: bwalkTryMoveUpwards(102.67) HIT bg/world geometry playerpos=(2982.0,307.0,-8271.7) radius=30.0 ymax=316.3 ymin=174.2
[08:52.09] JUMP: impulse=8.2 grounded=1 gap=-152.67 manground=144.33 ground=297.00 bdeltaY=0.00 onladder=0 isfalling=0 inlift=0
[08:52.09] JUMP: APPLIED impulse=8.2 newManground=300.00 newPosY=454.21
[08:52.09] JUMP_BLOCKED: bwalkTryMoveUpwards(4.07) HIT bg/world geometry playerpos=(2982.0,454.2,-8271.7) radius=30.0 ymax=472.0 ymin=329.9
[08:52.09] JUMP_COLLIDED: upward move blocked! manground=300.0 ground=297.0 vel=8.20 -> setting vel=0 isfalling=0
[08:52.24] BMOVE: allowc1x=1 allowc1y=1 allowc1buttons=1 actionPlayer=0 AXIS_MOVE=-0.224,0.145 pausemode=0 lvupdate240=2 lvIsPaused=0
[08:52.99] JUMP: impulse=8.2 grounded=1 gap=0.00 manground=300.00 ground=300.00 bdeltaY=0.00 onladder=0 isfalling=0 inlift=0
[08:52.99] JUMP: APPLIED impulse=8.2 newManground=303.00 newPosY=450.83
[08:52.99] JUMP_BLOCKED: bwalkTryMoveUpwards(4.07) HIT bg/world geometry playerpos=(2982.0,450.8,-8271.7) radius=30.0 ymax=475.0 ymin=332.9
[08:52.99] JUMP_COLLIDED: upward move blocked! manground=303.0 ground=297.0 vel=8.20 -> setting vel=0 isfalling=0
[08:53.44] BMOVE: allowc1x=1 allowc1y=1 allowc1buttons=1 actionPlayer=0 AXIS_MOVE=0.000,-0.000 pausemode=0 lvupdate240=2 lvIsPaused=0
[08:53.57] JUMP: impulse=8.2 grounded=1 gap=0.00 manground=303.00 ground=303.00 bdeltaY=0.00 onladder=0 isfalling=0 inlift=0
[08:53.57] JUMP: APPLIED impulse=8.2 newManground=306.00 newPosY=463.58
[08:53.57] JUMP_BLOCKED: bwalkTryMoveUpwards(4.07) HIT bg/world geometry playerpos=(2982.0,463.6,-8271.7) radius=30.0 ymax=478.0 ymin=335.9
[08:53.57] JUMP_COLLIDED: upward move blocked! manground=306.0 ground=297.0 vel=8.20 -> setting vel=0 isfalling=0
[08:53.87] JUMP: impulse=8.2 grounded=1 gap=0.00 manground=306.00 ground=306.00 bdeltaY=0.00 onladder=0 isfalling=0 inlift=0
[08:53.87] JUMP: APPLIED impulse=8.2 newManground=309.00 newPosY=459.42
[08:53.87] JUMP_BLOCKED: bwalkTryMoveUpwards(4.07) HIT bg/world geometry playerpos=(2982.0,459.4,-8271.7) radius=30.0 ymax=481.0 ymin=338.9
[08:53.87] JUMP_COLLIDED: upward move blocked! manground=309.0 ground=297.0 vel=8.20 -> setting vel=0 isfalling=0
[08:54.03] JUMP: impulse=8.2 grounded=1 gap=0.00 manground=309.00 ground=309.00 bdeltaY=0.00 onladder=0 isfalling=0 inlift=0
[08:54.03] JUMP: APPLIED impulse=8.2 newManground=312.00 newPosY=461.07
[08:54.03] JUMP_BLOCKED: bwalkTryMoveUpwards(6.07) HIT bg/world geometry playerpos=(2982.0,461.1,-8271.7) radius=30.0 ymax=484.0 ymin=341.9
[08:54.03] JUMP_COLLIDED: upward move blocked! manground=312.0 ground=297.0 vel=8.20 -> setting vel=0 isfalling=0
[08:54.19] JUMP: impulse=8.2 grounded=1 gap=0.00 manground=312.00 ground=312.00 bdeltaY=0.00 onladder=0 isfalling=0 inlift=0
[08:54.19] JUMP: APPLIED impulse=8.2 newManground=315.00 newPosY=468.87
[08:54.19] JUMP_BLOCKED: bwalkTryMoveUpwards(4.07) HIT bg/world geometry playerpos=(2982.0,468.9,-8271.7) radius=30.0 ymax=487.0 ymin=344.9
[08:54.19] JUMP_COLLIDED: upward move blocked! manground=315.0 ground=297.0 vel=8.20 -> setting vel=0 isfalling=0
[08:54.63] JUMP: impulse=8.2 grounded=1 gap=0.00 manground=315.00 ground=315.00 bdeltaY=0.00 onladder=0 isfalling=0 inlift=0
[08:54.63] JUMP: APPLIED impulse=8.2 newManground=318.00 newPosY=466.61
[08:54.63] JUMP_BLOCKED: bwalkTryMoveUpwards(6.07) HIT bg/world geometry playerpos=(2982.0,466.6,-8271.7) radius=30.0 ymax=490.0 ymin=347.9
[08:54.63] JUMP_COLLIDED: upward move blocked! manground=318.0 ground=297.0 vel=8.20 -> setting vel=0 isfalling=0
[08:54.64] BMOVE: allowc1x=1 allowc1y=1 allowc1buttons=1 actionPlayer=0 AXIS_MOVE=-0.959,-0.127 pausemode=0 lvupdate240=2 lvIsPaused=0
[08:54.90] JUMP: impulse=8.2 grounded=1 gap=0.00 manground=318.00 ground=318.00 bdeltaY=0.00 onladder=0 isfalling=0 inlift=0
[08:54.90] JUMP: APPLIED impulse=8.2 newManground=321.00 newPosY=469.83
[08:54.90] JUMP_BLOCKED: bwalkTryMoveUpwards(4.07) HIT bg/world geometry playerpos=(2982.0,469.8,-8271.7) radius=30.0 ymax=493.0 ymin=350.9
[08:54.90] JUMP_COLLIDED: upward move blocked! manground=321.0 ground=297.0 vel=8.20 -> setting vel=0 isfalling=0
[08:55.06] JUMP: impulse=8.2 grounded=1 gap=0.00 manground=321.00 ground=321.00 bdeltaY=0.00 onladder=0 isfalling=0 inlift=0
[08:55.06] JUMP: APPLIED impulse=8.2 newManground=324.00 newPosY=474.68
[08:55.06] JUMP_BLOCKED: bwalkTryMoveUpwards(6.07) HIT bg/world geometry playerpos=(2982.0,474.7,-8271.7) radius=30.0 ymax=496.0 ymin=353.9
[08:55.06] JUMP_COLLIDED: upward move blocked! manground=324.0 ground=297.0 vel=8.20 -> setting vel=0 isfalling=0
[08:55.57] JUMP: impulse=8.2 grounded=1 gap=0.00 manground=324.00 ground=324.00 bdeltaY=0.00 onladder=0 isfalling=0 inlift=0
[08:55.57] JUMP: APPLIED impulse=8.2 newManground=327.00 newPosY=483.72
[08:55.57] JUMP_BLOCKED: bwalkTryMoveUpwards(4.07) HIT bg/world geometry playerpos=(2982.0,483.7,-8271.7) radius=30.0 ymax=499.0 ymin=356.9
[08:55.57] JUMP_COLLIDED: upward move blocked! manground=327.0 ground=297.0 vel=8.20 -> setting vel=0 isfalling=0
[08:55.69] JUMP: impulse=8.2 grounded=1 gap=0.00 manground=327.00 ground=327.00 bdeltaY=0.00 onladder=0 isfalling=0 inlift=0
[08:55.69] JUMP: APPLIED impulse=8.2 newManground=330.00 newPosY=487.65
[08:55.69] JUMP_BLOCKED: bwalkTryMoveUpwards(4.07) HIT bg/world geometry playerpos=(2982.0,487.7,-8271.7) radius=30.0 ymax=502.0 ymin=359.9
[08:55.69] JUMP_COLLIDED: upward move blocked! manground=330.0 ground=297.0 vel=8.20 -> setting vel=0 isfalling=0
[08:55.82] JUMP: impulse=8.2 grounded=1 gap=0.00 manground=330.00 ground=330.00 bdeltaY=0.00 onladder=0 isfalling=0 inlift=0
[08:55.82] JUMP: APPLIED impulse=8.2 newManground=333.00 newPosY=491.23
[08:55.82] JUMP_BLOCKED: bwalkTryMoveUpwards(4.07) HIT bg/world geometry playerpos=(2982.0,491.2,-8271.7) radius=30.0 ymax=505.0 ymin=362.9
[08:55.82] JUMP_COLLIDED: upward move blocked! manground=333.0 ground=297.0 vel=8.20 -> setting vel=0 isfalling=0
[08:55.84] BMOVE: allowc1x=1 allowc1y=1 allowc1buttons=1 actionPlayer=0 AXIS_MOVE=0.000,-0.000 pausemode=0 lvupdate240=2 lvIsPaused=0
[08:55.96] JUMP: impulse=8.2 grounded=1 gap=0.00 manground=333.00 ground=333.00 bdeltaY=0.00 onladder=0 isfalling=0 inlift=0
[08:55.96] JUMP: APPLIED impulse=8.2 newManground=336.00 newPosY=494.58
[08:55.96] JUMP_BLOCKED: bwalkTryMoveUpwards(6.07) HIT bg/world geometry playerpos=(2982.0,494.6,-8271.7) radius=30.0 ymax=508.0 ymin=365.9
[08:55.96] JUMP_COLLIDED: upward move blocked! manground=336.0 ground=297.0 vel=8.20 -> setting vel=0 isfalling=0
[08:56.09] JUMP: impulse=8.2 grounded=1 gap=0.00 manground=336.00 ground=336.00 bdeltaY=0.00 onladder=0 isfalling=0 inlift=0
[08:56.09] JUMP: APPLIED impulse=8.2 newManground=339.00 newPosY=497.76
[08:56.09] JUMP_BLOCKED: bwalkTryMoveUpwards(4.07) HIT bg/world geometry playerpos=(2982.0,497.8,-8271.7) radius=30.0 ymax=511.0 ymin=368.9
[08:56.09] JUMP_COLLIDED: upward move blocked! manground=339.0 ground=297.0 vel=8.20 -> setting vel=0 isfalling=0
[08:56.23] JUMP: impulse=8.2 grounded=1 gap=0.00 manground=339.00 ground=339.00 bdeltaY=0.00 onladder=0 isfalling=0 inlift=0
[08:56.23] JUMP: APPLIED impulse=8.2 newManground=342.00 newPosY=500.87
[08:56.23] JUMP_BLOCKED: bwalkTryMoveUpwards(6.07) HIT bg/world geometry playerpos=(2982.0,500.9,-8271.7) radius=30.0 ymax=514.0 ymin=371.9
[08:56.23] JUMP_COLLIDED: upward move blocked! manground=342.0 ground=297.0 vel=8.20 -> setting vel=0 isfalling=0
[08:56.37] JUMP: impulse=8.2 grounded=1 gap=0.00 manground=342.00 ground=342.00 bdeltaY=0.00 onladder=0 isfalling=0 inlift=0
[08:56.37] JUMP: APPLIED impulse=8.2 newManground=345.00 newPosY=503.93
[08:56.37] JUMP_BLOCKED: bwalkTryMoveUpwards(4.07) HIT bg/world geometry playerpos=(2982.0,503.9,-8271.7) radius=30.0 ymax=517.0 ymin=374.9
[08:56.37] JUMP_COLLIDED: upward move blocked! manground=345.0 ground=297.0 vel=8.20 -> setting vel=0 isfalling=0
[08:56.49] JUMP: impulse=8.2 grounded=1 gap=0.00 manground=345.00 ground=345.00 bdeltaY=0.00 onladder=0 isfalling=0 inlift=0
[08:56.49] JUMP: APPLIED impulse=8.2 newManground=348.00 newPosY=506.60
[08:56.63] JUMP: impulse=8.2 grounded=0 gap=409.62 manground=407.67 ground=-1.96 bdeltaY=5.84 onladder=0 isfalling=1 inlift=0
[08:56.63] JUMP: BLOCKED impulse=8.2 grounded=0 gap=409.62 vel=5.84
[08:56.79] JUMP: impulse=8.2 grounded=0 gap=452.45 manground=450.60 ground=-1.85 bdeltaY=3.20 onladder=0 isfalling=1 inlift=0
[08:56.79] JUMP: BLOCKED impulse=8.2 grounded=0 gap=452.45 vel=3.20
[08:57.04] BMOVE: allowc1x=1 allowc1y=1 allowc1buttons=1 actionPlayer=0 AXIS_MOVE=0.000,-0.000 pausemode=0 lvupdate240=2 lvIsPaused=0
[08:57.45] JUMP_COLLIDED: upward move blocked! manground=358.3 ground=-2.0 vel=-7.84 -> setting vel=0 isfalling=1
[08:57.56] JUMP_COLLIDED: upward move blocked! manground=353.3 ground=-2.0 vel=-1.67 -> setting vel=0 isfalling=1
[08:57.61] JUMP_COLLIDED: upward move blocked! manground=352.6 ground=-2.0 vel=-0.62 -> setting vel=0 isfalling=1
[08:57.65] JUMP_COLLIDED: upward move blocked! manground=352.2 ground=-2.0 vel=-0.49 -> setting vel=0 isfalling=1
[08:57.68] JUMP_COLLIDED: upward move blocked! manground=352.0 ground=-2.0 vel=-0.35 -> setting vel=0 isfalling=1
[08:57.71] JUMP_COLLIDED: upward move blocked! manground=351.8 ground=-2.0 vel=-0.35 -> setting vel=0 isfalling=1
[08:57.74] JUMP_COLLIDED: upward move blocked! manground=351.6 ground=-2.0 vel=-0.35 -> setting vel=0 isfalling=1
[08:57.76] JUMP_COLLIDED: upward move blocked! manground=351.5 ground=-2.0 vel=-0.14 -> setting vel=0 isfalling=1
[08:58.24] BMOVE: allowc1x=1 allowc1y=1 allowc1buttons=1 actionPlayer=0 AXIS_MOVE=0.977,-0.049 pausemode=0 lvupdate240=2 lvIsPaused=0
[08:58.25] JUMP: impulse=8.2 grounded=1 gap=0.00 manground=351.53 ground=351.53 bdeltaY=0.00 onladder=0 isfalling=0 inlift=0
[08:58.25] JUMP: APPLIED impulse=8.2 newManground=354.53 newPosY=508.13
[08:58.40] JUMP: impulse=8.2 grounded=0 gap=419.08 manground=417.08 ground=-2.00 bdeltaY=5.70 onladder=0 isfalling=1 inlift=0
[08:58.40] JUMP: BLOCKED impulse=8.2 grounded=0 gap=419.08 vel=5.70
[08:58.54] JUMP: impulse=8.2 grounded=0 gap=457.50 manground=455.50 ground=-2.00 bdeltaY=3.34 onladder=0 isfalling=1 inlift=0
[08:58.54] JUMP: BLOCKED impulse=8.2 grounded=0 gap=457.50 vel=3.34
[08:58.70] JUMP: impulse=8.2 grounded=0 gap=177.68 manground=474.68 ground=297.00 bdeltaY=0.70 onladder=0 isfalling=1 inlift=0
[08:58.70] JUMP: BLOCKED impulse=8.2 grounded=0 gap=177.68 vel=0.70
[08:58.85] JUMP: impulse=8.2 grounded=1 gap=0.00 manground=470.60 ground=470.60 bdeltaY=0.00 onladder=0 isfalling=0 inlift=0
[08:58.85] JUMP: APPLIED impulse=8.2 newManground=473.60 newPosY=626.72
[08:59.44] BMOVE: allowc1x=1 allowc1y=1 allowc1buttons=1 actionPlayer=0 AXIS_MOVE=0.000,-0.000 pausemode=0 lvupdate240=2 lvIsPaused=0
[09:00.64] BMOVE: allowc1x=1 allowc1y=1 allowc1buttons=1 actionPlayer=0 AXIS_MOVE=0.899,0.292 pausemode=0 lvupdate240=2 lvIsPaused=0
[09:01.77] NET.HEARTBEAT: frame=3600 (~60s) chrs=0 stage=0x31 last_chr_idx=-1
[09:01.77] NET.WATCHDOG: cl[0] "MikeHazeJr" clstate=4 rtt=27ms since_rx=31ms enet_state=5
[09:01.77] NET.HEARTBEAT: mode=2 gamemode=0 clients=1/32 connected=1 nettick=7874
[09:01.77] NET.HEARTBEAT: sent=235kB/4050pkts recv=7kB/632pkts
[09:01.84] BMOVE: allowc1x=1 allowc1y=1 allowc1buttons=1 actionPlayer=0 AXIS_MOVE=0.674,0.632 pausemode=0 lvupdate240=2 lvIsPaused=0
[09:03.04] BMOVE: allowc1x=1 allowc1y=1 allowc1buttons=1 actionPlayer=0 AXIS_MOVE=0.517,0.770 pausemode=0 lvupdate240=2 lvIsPaused=0
[09:04.24] BMOVE: allowc1x=1 allowc1y=1 allowc1buttons=1 actionPlayer=0 AXIS_MOVE=-0.260,0.913 pausemode=0 lvupdate240=2 lvIsPaused=0
[09:05.44] BMOVE: allowc1x=1 allowc1y=1 allowc1buttons=1 actionPlayer=0 AXIS_MOVE=0.430,0.830 pausemode=0 lvupdate240=2 lvIsPaused=0
[09:06.64] BMOVE: allowc1x=1 allowc1y=1 allowc1buttons=1 actionPlayer=0 AXIS_MOVE=0.977,0.049 pausemode=0 lvupdate240=2 lvIsPaused=0
[09:07.83] JUMP: impulse=8.2 grounded=1 gap=-0.00 manground=298.00 ground=298.00 bdeltaY=0.00 onladder=0 isfalling=0 inlift=0
[09:07.83] JUMP: APPLIED impulse=8.2 newManground=301.00 newPosY=457.88
[09:07.84] BMOVE: allowc1x=1 allowc1y=1 allowc1buttons=1 actionPlayer=0 AXIS_MOVE=0.000,-0.000 pausemode=0 lvupdate240=2 lvIsPaused=0
[09:09.04] BMOVE: allowc1x=1 allowc1y=1 allowc1buttons=1 actionPlayer=0 AXIS_MOVE=0.000,-0.000 pausemode=0 lvupdate240=2 lvIsPaused=0
[09:10.24] BMOVE: allowc1x=1 allowc1y=1 allowc1buttons=1 actionPlayer=0 AXIS_MOVE=0.000,-0.000 pausemode=0 lvupdate240=2 lvIsPaused=0
[09:11.44] BMOVE: allowc1x=0 allowc1y=0 allowc1buttons=0 actionPlayer=0 AXIS_MOVE=0.000,-0.000 pausemode=0 lvupdate240=2 lvIsPaused=0
[09:12.18] MENU: ACTION_PAUSE detected, pausemode=0 g_PlayersWithControl[0]=1 mplayerisrunning=1 lvframenum=7035
[09:12.18] ACTIONMAP: activated 'menu' (priority 10, depth 2)
[09:12.18] ACTIONMAP: activated 'pause_menu' (priority 11, depth 3)
[09:12.18] INPUTCTX: pause_menu on_push -- game paused, menu+pause IMCs activated
[09:12.18] INPUTCTX: pushed 'pause_menu' (depth now 2)
[09:12.19] INPUTCTX: syncMouseMode -- restored absolute mode for 'pause_menu'
[09:12.64] BMOVE: allowc1x=1 allowc1y=1 allowc1buttons=1 actionPlayer=0 AXIS_MOVE=0.000,0.000 pausemode=0 lvupdate240=2 lvIsPaused=0
[09:13.84] BMOVE: allowc1x=1 allowc1y=1 allowc1buttons=1 actionPlayer=0 AXIS_MOVE=0.000,0.000 pausemode=0 lvupdate240=2 lvIsPaused=0
[09:15.04] BMOVE: allowc1x=1 allowc1y=1 allowc1buttons=1 actionPlayer=0 AXIS_MOVE=0.000,0.000 pausemode=0 lvupdate240=2 lvIsPaused=0
[09:16.24] BMOVE: allowc1x=1 allowc1y=1 allowc1buttons=1 actionPlayer=0 AXIS_MOVE=0.000,0.000 pausemode=0 lvupdate240=2 lvIsPaused=0
[09:17.44] BMOVE: allowc1x=1 allowc1y=1 allowc1buttons=1 actionPlayer=0 AXIS_MOVE=0.000,0.000 pausemode=0 lvupdate240=2 lvIsPaused=0
[09:18.16] CHAT: NET: disconnected
[09:18.16] STATS: saved 14 stats to C:/Users/mikeh/AppData/Roaming/perfectdark/playerstats.json
FATAL: ACCESS_VIOLATION PC=00007ff781d7f00a (+0xef00a) CODE=0xc0000005 MODULE=00007ff781c90000 RSP=000000c317bff030
  chr_slot=-1 stack_watermark=1760
[09:18.16] ERROR: FATAL: Crashed: PC=00007ff781d7f00a CODE=0xc0000005
[09:18.21] ERROR: FATAL: Crash!

EXCEPTION: 0xc0000005
PC: 00007ff781d7f00a
MODULE: [00007ff781c90000]
MAIN MODULE: [00007ff781c90000]

BACKTRACE:
#00: 00007ff781d7f00a: [00007ff781c90000]+00000000000ef00a
#01: 00007ff781d800c0: [00007ff781c90000]+00000000000f00c0
#02: 00007ff781e7fa45: [00007ff781c90000]+00000000001efa45
#03: 00007ff781e65024: [00007ff781c90000]+00000000001d5024
#04: 00007ff781f57c48: [00007ff781c90000]+00000000002c7c48
#05: 00007ff781f286f8: [00007ff781c90000]+00000000002986f8
#06: 00007ff781e9f0e7: [00007ff781c90000]+000000000020f0e7
#07: 00007ff781e93b2d: [00007ff781c90000]+0000000000203b2d
#08: 00007ff781e7fe8d: [00007ff781c90000]+00000000001efe8d
#09: 00007ff781fcbbe9: [00007ff781c90000]+000000000033bbe9
#10: 00007ff781e7f003: [00007ff781c90000]+00000000001ef003
#11: 00007ff781e7f5a7: [00007ff781c90000]+00000000001ef5a7
#12: 00007ff781e7f877: [00007ff781c90000]+00000000001ef877
#13: 00007ff781e53108: [00007ff781c90000]+00000000001c3108
#14: 00007ff781c910d9: [00007ff781c90000]+00000000000010d9
#15: 00007ff781c91436: [00007ff781c90000]+0000000000001436
#16: 00007ffd1890e8d7: BaseThreadInitThunk+23
#17: 00007ffd1986c3fc: RtlUserThreadStart+44

[12:24.51] shutdown
[12:24.51] CATALOG: intercept stats: file=76 tex=0 anim=3985 snd=218 queries
[12:24.51] ACTIONMAP: deactivated 'pause_menu' (depth now 2)
[12:24.51] ACTIONMAP: deactivated 'menu' (depth now 1)
[12:24.51] INPUTCTX: pause_menu on_pop -- game unpaused, menu+pause IMCs deactivated
[12:24.51] INPUTCTX: gameplay on_pop
[12:24.51] INPUTCTX: shutdown
[12:24.51] PDGUI fontmgr: shutdown
[12:24.51] PDGUI effects: shutdown
[12:24.51] PDGUI nineslice: shutdown
[12:24.51] PDGUI theme: shutdown
[12:24.51] STAGE: table reset to 87 base entries
[12:24.51] modmgr: shutdown
[12:24.51] MEMPC [shutdown]: all 5 allocations intact (38912 bytes total)
